FIPS,Median household income - Household Income_2012,Median household income - Household Income_2013,Median household income - Household Income_2014
01001,53049.0,48863.0,51441.0
01003,47618.0,50144.0,48867.0
01005,33074.0,30117.0,30287.0
01007,35472.0,37347.0,37392.0
01009,42906.0,41940.0,44225.0
01011,25969.0,26038.0,25854.0
01013,29500.0,30489.0,30605.0
01015,37916.0,39060.0,39212.0
01017,30061.0,33500.0,32320.0
01019,34410.0,34738.0,37868.0
01021,38553.0,38833.0,39621.0
01023,32003.0,32940.0,33390.0
01025,33739.0,32642.0,34606.0
01027,33035.0,32454.0,34579.0
01029,37566.0,39153.0,38235.0
01031,40779.0,42173.0,45631.0
01033,37455.0,37269.0,39771.0
01035,27855.0,26914.0,27110.0
01037,33721.0,34391.0,32960.0
01039,33484.0,32138.0,34017.0
01041,35577.0,34534.0,33648.0
01043,37948.0,39395.0,37938.0
01045,41287.0,41568.0,40125.0
01047,26195.0,25859.0,27400.0
01049,34822.0,35487.0,37644.0
01051,51013.0,54866.0,52324.0
01053,31365.0,32838.0,33588.0
01055,36088.0,34927.0,35737.0
01057,32643.0,32648.0,35720.0
01059,33649.0,33705.0,33173.0
01061,34418.0,33835.0,33347.0
01063,27117.0,24738.0,24592.0
01065,31790.0,31044.0,31025.0
01067,37851.0,39788.0,37108.0
01069,39290.0,40428.0,40609.0
01071,36158.0,36746.0,39618.0
01073,41740.0,42053.0,43967.0
01075,32993.0,34731.0,33940.0
01077,39213.0,40195.0,41536.0
01079,37365.0,38132.0,38524.0
01081,40102.0,42539.0,43182.0
01083,49667.0,46760.0,49616.0
01085,28754.0,28043.0,28544.0
01087,27041.0,27591.0,27709.0
01089,54633.0,55298.0,57072.0
01091,33085.0,31995.0,31888.0
01093,32080.0,30926.0,32237.0
01095,38859.0,38876.0,36960.0
01097,39753.0,41867.0,39546.0
01099,31744.0,31072.0,36221.0
01101,41556.0,42962.0,41430.0
01103,44859.0,43615.0,44766.0
01105,24742.0,22175.0,25215.0
01107,31032.0,31079.0,31433.0
01109,32771.0,32345.0,32411.0
01111,32584.0,34517.0,35024.0
01113,32733.0,32632.0,34310.0
01115,48296.0,48040.0,50989.0
01117,67135.0,66362.0,67244.0
01119,25586.0,23531.0,24059.0
01121,35646.0,33856.0,34785.0
01123,34440.0,37686.0,36463.0
01125,43098.0,42086.0,41495.0
01127,36044.0,35423.0,36600.0
01129,37639.0,39203.0,39173.0
01131,21611.0,20990.0,22126.0
01133,32574.0,31018.0,32663.0
02013,47077.0,51289.0,51514.0
02016,58517.0,59362.0,69192.0
02020,70524.0,71237.0,71094.0
02050,45481.0,43314.0,41722.0
02060,62912.0,61905.0,66178.0
02068,61004.0,68899.0,66325.0
02070,46845.0,46427.0,47498.0
02090,60472.0,64396.0,63979.0
02100,46111.0,51350.0,49890.0
02110,69844.0,74219.0,76967.0
02122,57347.0,60360.0,60431.0
02130,58073.0,59092.0,61296.0
02150,59847.0,66935.0,61498.0
02164,39794.0,47612.0,44657.0
02170,68670.0,68999.0,68109.0
02180,43147.0,44766.0,47022.0
02185,68744.0,73744.0,69138.0
02188,49466.0,54680.0,52945.0
02201,40756.0,42649.0,44721.0
02220,58000.0,61956.0,61771.0
02232,44289.955366,45857.657315,48137.409326
02240,54508.0,55617.0,56456.0
02261,60297.0,63887.0,65098.0
02270,30883.0,33206.0,32860.0
02280,46212.586824,50243.539813999996,53744.797663
02282,49331.0,47575.0,47565.0
02290,35177.0,33578.0,33998.0
04001,30651.0,30837.0,32886.0
04003,43677.0,41237.0,43017.0
04005,43051.0,45051.0,45509.0
04007,37430.0,35898.0,38267.0
04009,39299.0,40548.0,41080.0
04011,49592.0,51145.0,53312.0
04012,33818.0,30679.0,35236.0
04013,50424.0,50785.0,51442.0
04015,36446.0,35998.0,34966.0
04017,37723.0,32425.0,34662.0
04019,44293.0,44102.0,44745.0
04021,49833.0,45170.0,50362.0
04023,33952.0,35500.0,36660.0
04025,40562.0,41437.0,43397.0
04027,40609.0,37894.0,39072.0
05001,38129.0,37922.0,37907.0
05003,37042.0,37170.0,39276.0
05005,34421.0,33312.0,35315.0
05007,52417.0,52644.0,52717.0
05009,35532.0,38411.0,35848.0
05011,31047.0,31118.0,31940.0
05013,36955.0,35464.0,36216.0
05015,33789.0,33579.0,34096.0
05017,27321.0,27966.0,26911.0
05019,33433.0,34478.0,34482.0
05021,31976.0,32564.0,32642.0
05023,35472.0,42265.0,41337.0
05025,40402.0,41864.0,41338.0
05027,34538.0,33533.0,35024.0
05029,37475.0,37830.0,35832.0
05031,37780.0,39410.0,42437.0
05033,39672.0,37552.0,39367.0
05035,33938.0,34905.0,36588.0
05037,35080.0,35268.0,35839.0
05039,31350.0,30728.0,30984.0
05041,29586.0,30186.0,30298.0
05043,34952.0,35627.0,33682.0
05045,46199.0,49314.0,49843.0
05047,38514.0,38245.0,39763.0
05049,30191.0,33696.0,31988.0
05051,36690.0,35651.0,39617.0
05053,45347.0,46538.0,47421.0
05055,36391.0,37893.0,38771.0
05057,31786.0,30922.0,32292.0
05059,37243.0,38082.0,41754.0
05061,32543.0,33079.0,33049.0
05063,35888.0,34690.0,37818.0
05065,29883.0,31245.0,29663.0
05067,30405.0,32750.0,30604.0
05069,35092.0,37704.0,36346.0
05071,32326.0,34182.0,34322.0
05073,29084.0,30057.0,28857.0
05075,32869.0,32678.0,29229.0
05077,25944.0,27894.0,26046.0
05079,35070.0,35854.0,36222.0
05081,37260.0,38937.0,35406.0
05083,36015.0,34000.0,33850.0
05085,50021.0,49579.0,51212.0
05087,34547.0,34292.0,33428.0
05089,31438.0,32685.0,31516.0
05091,37806.0,37728.0,38225.0
05093,32169.0,33426.0,34058.0
05095,28637.0,27758.0,29032.0
05097,32032.0,31603.0,32779.0
05099,32896.0,31590.0,32107.0
05101,30965.0,31224.0,29316.0
05103,35971.0,35095.0,32749.0
05105,39054.0,38858.0,40119.0
05107,26933.0,26892.0,26013.0
05109,31569.0,30054.0,33144.0
05111,32130.0,30761.0,32248.0
05113,29938.0,31030.0,31749.0
05115,39040.0,38095.0,40206.0
05117,36898.0,36088.0,36191.0
05119,44733.0,43898.0,44819.0
05121,33401.0,33210.0,33870.0
05123,29825.0,28467.0,32932.0
05125,53430.0,54372.0,57787.0
05127,29633.0,31163.0,30630.0
05129,27896.0,26990.0,26330.0
05131,38724.0,38404.0,38730.0
05133,35279.0,30899.0,32662.0
05135,28933.0,28760.0,30076.0
05137,29182.0,29182.0,28442.0
05139,36934.0,37193.0,40026.0
05141,32142.0,34513.0,35876.0
05143,39692.0,39230.0,41856.0
05145,39974.0,42958.0,40950.0
05147,27003.0,27357.0,29184.0
05149,33522.0,33747.0,38322.0
06001,66937.0,67295.0,70209.0
06003,44241.0,46706.0,46336.0
06005,49516.0,51553.0,51388.0
06007,41168.0,39208.0,40748.0
06009,50745.0,50599.0,50962.0
06011,44981.0,47469.0,49871.0
06013,73678.0,74241.0,74208.0
06015,35438.0,35598.0,37305.0
06017,65201.0,61970.0,68446.0
06019,44869.0,42572.0,41563.0
06021,40859.0,40221.0,41201.0
06023,38254.0,39526.0,39837.0
06025,39261.0,36898.0,38185.0
06027,44507.0,44928.0,45748.0
06029,45045.0,44903.0,45599.0
06031,44020.0,48319.0,45464.0
06033,35914.0,35882.0,35437.0
06035,50093.0,47938.0,47480.0
06037,52595.0,52239.0,52929.0
06039,43596.0,44795.0,42054.0
06041,82383.0,78470.0,88654.0
06043,42222.0,42175.0,43166.0
06045,40339.0,41236.0,41088.0
06047,41730.0,40016.0,42552.0
06049,34579.0,34654.0,36724.0
06051,52768.0,48758.0,53067.0
06053,53735.0,52746.0,56038.0
06055,62893.0,61179.0,65698.0
06057,54154.0,53833.0,54230.0
06059,70727.0,72046.0,71866.0
06061,68330.0,69581.0,69521.0
06063,41421.0,44923.0,46450.0
06065,53981.0,52491.0,52416.0
06067,52655.0,52236.0,52617.0
06069,58194.0,62618.0,60577.0
06071,52270.0,51017.0,50603.0
06073,59759.0,59290.0,60235.0
06075,70883.0,69354.0,72093.0
06077,49742.0,50376.0,50431.0
06079,53620.0,53877.0,58427.0
06081,82413.0,81378.0,81568.0
06083,56243.0,59494.0,60683.0
06085,84627.0,84741.0,91195.0
06087,60247.0,61228.0,65799.0
06089,41058.0,41796.0,44477.0
06091,42800.0,45060.0,45157.0
06093,36001.0,35175.0,36597.0
06095,62948.0,63090.0,61976.0
06097,58703.0,60792.0,59855.0
06099,47442.0,44287.0,46324.0
06101,46188.0,48749.0,46524.0
06103,38188.0,37297.0,38577.0
06105,35207.0,33163.0,35162.0
06107,42377.0,40599.0,40197.0
06109,44751.0,43530.0,46624.0
06111,71418.0,74019.0,71043.0
06113,54433.0,50174.0,51040.0
06115,41045.0,43299.0,41599.0
08001,52785.0,52429.0,55695.0
08003,36339.0,36870.0,37731.0
08005,58152.0,57042.0,60525.0
08007,46165.0,48043.0,46127.0
08009,33086.0,34168.0,37775.0
08011,33702.0,35522.0,33540.0
08013,62215.0,68101.0,66894.0
08014,76006.0,79051.0,81040.0
08015,42420.0,44156.0,44651.0
08017,44464.0,46965.0,51093.0
08019,64822.0,65420.0,65359.0
08021,32254.0,32588.0,31970.0
08023,27305.0,26125.0,26075.0
08025,34569.0,30279.0,30460.0
08027,42951.0,45791.0,46744.0
08029,40288.0,41442.0,41208.0
08031,45415.0,47584.0,50455.0
08033,40511.0,39650.0,39254.0
08035,97806.0,95973.0,98426.0
08037,69182.0,67190.0,69870.0
08039,78550.0,78029.0,81528.0
08041,51553.0,54857.0,55312.0
08043,40543.0,41493.0,40809.0
08045,60456.0,57617.0,54088.0
08047,63024.0,60537.0,61447.0
08049,55818.0,56980.0,56191.0
08051,47698.0,43069.0,49861.0
08053,48195.0,49024.0,50177.0
08055,31696.0,30655.0,31574.0
08057,43691.0,43206.0,43190.0
08059,64181.0,64412.0,67401.0
08061,37600.0,41427.0,40216.0
08063,39498.0,43078.0,44059.0
08065,43565.0,42768.0,45504.0
08067,53029.0,52276.0,55888.0
08069,54739.0,55501.0,56132.0
08071,37700.0,40191.0,38713.0
08073,39230.0,42734.0,38098.0
08075,40637.0,43823.0,42740.0
08077,47324.0,47778.0,46940.0
08079,45645.0,46956.0,47169.0
08081,55913.0,52257.0,57023.0
08083,41074.0,41817.0,40351.0
08085,44002.0,43035.0,45226.0
08087,43209.0,41246.0,44577.0
08089,34360.0,30420.0,35026.0
08091,54920.0,57922.0,61657.0
08093,66400.0,58565.0,60731.0
08095,44064.0,43826.0,46216.0
08097,65568.0,69229.0,67057.0
08099,34488.0,36563.0,36580.0
08101,39107.0,40764.0,41209.0
08103,59308.0,60022.0,57922.0
08105,37300.0,37472.0,37837.0
08107,60506.0,64998.0,62271.0
08109,30985.0,30746.0,30197.0
08111,37001.0,36547.0,35734.0
08113,62368.0,57578.0,53477.0
08115,36749.0,37511.0,37633.0
08117,60087.0,60397.0,61286.0
08119,59966.0,60313.0,59558.0
08121,40914.0,43433.0,43446.0
08123,52334.0,51773.0,55332.0
08125,43361.0,46246.0,45059.0
09001,74634.0,77065.0,79536.0
09003,60028.0,60947.0,63374.0
09005,66076.0,68658.0,67746.0
09007,70805.0,75714.0,74588.0
09009,57070.0,58985.0,59217.0
09011,61792.0,63561.0,65573.0
09013,74868.0,77124.0,75048.0
09015,56564.0,54911.0,54221.0
10001,51490.0,51045.0,51695.0
10003,59877.0,63087.0,62086.0
10005,48582.0,51060.0,48684.0
11001,60729.0,62087.0,65231.0
12001,40656.0,39825.0,41297.0
12003,45802.0,42564.0,45721.0
12005,44364.0,44204.0,45259.0
12007,39454.0,39271.0,38680.0
12009,46331.0,46494.0,46332.0
12011,47917.0,48478.0,49564.0
12013,34054.0,32395.0,33418.0
12015,41991.0,41346.0,44454.0
12017,36174.0,35041.0,38937.0
12019,57913.0,54867.0,56359.0
12021,53341.0,51039.0,54475.0
12023,34870.0,36452.0,37091.0
12027,33966.0,32753.0,33602.0
12029,30967.0,30801.0,31913.0
12031,46112.0,45995.0,43835.0
12033,41428.0,41072.0,44539.0
12035,45685.0,47095.0,44460.0
12037,34522.0,35288.0,37868.0
12039,35704.0,34154.0,35854.0
12041,38517.0,38046.0,38016.0
12043,39089.0,38825.0,37004.0
12045,39403.0,37373.0,34940.0
12047,31820.0,29482.0,32232.0
12049,33732.0,33058.0,34012.0
12051,37220.0,35247.0,36515.0
12053,37867.0,40411.0,37093.0
12055,34469.0,33692.0,34722.0
12057,46043.0,46592.0,46534.0
12059,33696.0,33211.0,36272.0
12061,47525.0,42053.0,42638.0
12063,37351.0,35193.0,34978.0
12065,39113.0,40252.0,38244.0
12067,36001.0,40407.0,34054.0
12069,42343.0,44965.0,41579.0
12071,44377.0,45515.0,46396.0
12073,42393.0,44857.0,46014.0
12075,32197.0,33544.0,32815.0
12077,37815.0,37446.0,37726.0
12079,31942.0,31578.0,31469.0
12081,44990.0,43494.0,46999.0
12083,37162.0,36425.0,37287.0
12085,49539.0,50417.0,47120.0
12086,40145.0,40476.0,41311.0
12087,50388.0,51152.0,52152.0
12089,57605.0,54706.0,55367.0
12091,51173.0,49643.0,52381.0
12093,35417.0,33806.0,34742.0
12095,45105.0,44635.0,45565.0
12097,42165.0,40933.0,42743.0
12099,49891.0,48973.0,51217.0
12101,42184.0,40859.0,42695.0
12103,42628.0,42761.0,44819.0
12105,41184.0,40258.0,41337.0
12107,33300.0,31150.0,33593.0
12109,60841.0,63299.0,62112.0
12111,39378.0,41384.0,41934.0
12113,51208.0,53155.0,59854.0
12115,46047.0,47457.0,48239.0
12117,57381.0,54449.0,54901.0
12119,45165.0,44595.0,47017.0
12121,39259.0,34947.0,34434.0
12123,35343.0,33863.0,36257.0
12125,40523.0,40743.0,39486.0
12127,41368.0,38477.0,40114.0
12129,47566.0,50716.0,46773.0
12131,44622.0,44763.0,40239.0
12133,35378.0,35004.0,36560.0
13001,36601.0,35164.0,35757.0
13003,28579.0,28693.0,28693.0
13005,31692.0,31301.0,32460.0
13007,33950.0,33347.0,30042.0
13009,36091.0,34304.0,35412.0
13011,42196.0,42673.0,43102.0
13013,52391.0,50996.0,49608.0
13015,43825.0,45072.0,46693.0
13017,29910.0,29425.0,29155.0
13019,32859.0,33417.0,32955.0
13021,36220.0,35125.0,36198.0
13023,38513.0,39461.0,40922.0
13025,35732.0,36300.0,36303.0
13027,32067.0,29282.0,32176.0
13029,65478.0,63092.0,61561.0
13031,31943.0,33192.0,35078.0
13033,30688.0,31188.0,32324.0
13035,43777.0,40330.0,42815.0
13037,28618.0,27860.0,28818.0
13039,48967.0,50207.0,51638.0
13043,30496.0,28263.0,31703.0
13045,45242.0,43237.0,43636.0
13047,47337.0,47111.0,46600.0
13049,32316.0,31582.0,32626.0
13051,42728.0,42383.0,42694.0
13053,46292.0,41476.0,43020.0
13055,33990.0,33350.0,34976.0
13057,63520.0,65769.0,68800.0
13059,34000.0,30880.0,32720.0
13061,27080.0,26420.0,26957.0
13063,36595.0,37706.0,37594.0
13065,30428.0,30237.0,31347.0
13067,59471.0,57995.0,62596.0
13069,33527.0,32351.0,32646.0
13071,32010.0,30669.0,32692.0
13073,64435.0,62717.0,69582.0
13075,32244.0,32812.0,32107.0
13077,56407.0,56878.0,61153.0
13079,41593.0,41855.0,42409.0
13081,35232.0,29134.0,29175.0
13083,40161.0,41233.0,40984.0
13085,51127.0,53339.0,54503.0
13087,33288.0,31054.0,30331.0
13089,47068.0,48293.0,49061.0
13091,33731.0,31696.0,32926.0
13093,32216.0,29970.0,30371.0
13095,31200.0,30186.0,31065.0
13097,52887.0,50501.0,51540.0
13099,30572.0,31345.0,30953.0
13101,32674.0,32543.0,32664.0
13103,60017.0,59502.0,62568.0
13105,32888.0,33068.0,33081.0
13107,30985.0,30459.0,28254.0
13109,32427.0,30858.0,31683.0
13111,33253.0,34775.0,35474.0
13113,79276.0,74476.0,78717.0
13115,38289.0,40159.0,38523.0
13117,81629.0,85137.0,87380.0
13119,36109.0,31042.0,35150.0
13121,53580.0,54893.0,55816.0
13123,39710.0,36359.0,39637.0
13125,36433.0,35247.0,35637.0
13127,42993.0,44238.0,43782.0
13129,40656.0,42253.0,41141.0
13131,31297.0,33368.0,32860.0
13133,36001.0,39209.0,43406.0
13135,57848.0,56944.0,56665.0
13137,40316.0,39879.0,41343.0
13139,47238.0,49324.0,49636.0
13141,23887.0,26107.0,25416.0
13143,39046.0,37495.0,39407.0
13145,62264.0,64048.0,63806.0
13147,33753.0,36327.0,36483.0
13149,39614.0,35765.0,39756.0
13151,59371.0,58130.0,57848.0
13153,54977.0,51851.0,54307.0
13155,32859.0,33602.0,32965.0
13157,50409.0,49400.0,50403.0
13159,43443.0,43618.0,41842.0
13161,32380.0,32248.0,32867.0
13163,29683.0,27703.0,29316.0
13165,27682.0,25807.0,29525.0
13167,28332.0,28585.0,28995.0
13169,52215.0,48792.0,51941.0
13171,40001.0,40769.0,38892.0
13173,33430.0,33929.0,33481.0
13175,36568.0,34865.0,34910.0
13177,61489.0,60652.0,63338.0
13179,39697.0,40659.0,41922.0
13181,35201.0,35183.0,36396.0
13183,38243.0,35244.0,39176.0
13185,36486.0,34252.0,36920.0
13187,44309.0,44422.0,44289.0
13189,36559.0,36907.0,36331.0
13191,35681.0,34787.0,37040.0
13193,27324.0,27934.0,28654.0
13195,41267.0,40123.0,40209.0
13197,33534.0,34189.0,33633.0
13199,35287.0,34589.0,35312.0
13201,32015.0,33063.0,32262.0
13205,31094.0,31088.0,30020.0
13207,49839.0,51747.0,50594.0
13209,35133.0,34379.0,33983.0
13211,45804.0,46176.0,46445.0
13213,39911.0,36230.0,35918.0
13215,36359.0,37564.0,43264.0
13217,48989.0,44089.0,48780.0
13219,76298.0,71707.0,75532.0
13221,40936.0,44066.0,42992.0
13223,61496.0,59185.0,59621.0
13225,38024.0,39838.0,39726.0
13227,48532.0,50282.0,50131.0
13229,37262.0,38290.0,38777.0
13231,52411.0,54457.0,51781.0
13233,36468.0,36326.0,37815.0
13235,36665.0,34820.0,35847.0
13237,40037.0,40168.0,40644.0
13239,28102.0,28621.0,28675.0
13241,37990.0,34394.0,37684.0
13243,26863.0,27950.0,28497.0
13245,37866.0,37352.0,36490.0
13247,53899.0,51106.0,50699.0
13249,37761.0,37669.0,39105.0
13251,30925.0,32990.0,33508.0
13253,30604.0,30489.0,31785.0
13255,38451.0,38914.0,35761.0
13257,34445.0,37536.0,34384.0
13259,26659.0,26010.0,27009.0
13261,31871.0,31937.0,32590.0
13263,29933.0,31290.0,30909.0
13265,26863.0,25807.0,27124.0
13267,35039.0,31531.0,37818.0
13269,30748.0,30308.0,30266.0
13271,28414.0,27831.0,27655.0
13273,31143.0,30552.0,31095.0
13275,35539.0,34611.0,35909.0
13277,34702.0,33669.0,33716.0
13279,32002.0,32915.0,31820.0
13281,38207.0,36858.0,37826.0
13283,30809.0,30131.0,32063.0
13285,39422.0,39370.0,38598.0
13287,26845.0,25480.0,26408.0
13289,35232.0,34528.0,36549.0
13291,37540.0,39206.0,38334.0
13293,33461.0,33483.0,34395.0
13295,36854.0,37813.0,36628.0
13297,51913.0,52747.0,52737.0
13299,33176.0,31529.0,33017.0
13301,29764.0,30946.0,30063.0
13303,33199.0,34117.0,33068.0
13305,36562.0,37082.0,37957.0
13307,31216.0,32842.0,32789.0
13309,29834.0,29780.0,27514.0
13311,40120.0,39753.0,41283.0
13313,40117.0,38452.0,39860.0
13315,31442.0,30500.0,31241.0
13317,30451.0,30720.0,31957.0
13319,35530.0,38570.0,36219.0
13321,37436.0,35308.0,35815.0
15001,46444.0,46186.0,49048.0
15003,67519.0,65489.0,70779.0
15005,,,
15007,52714.0,56937.0,55614.0
15009,56206.0,57789.0,59281.0
16001,50909.0,50701.0,54337.0
16003,34730.0,32752.0,34207.0
16005,40946.0,41749.0,42993.0
16007,39469.0,42327.0,42134.0
16009,36906.0,39327.0,40069.0
16011,43571.0,45354.0,46816.0
16013,59191.0,60448.0,59910.0
16015,46871.0,48657.0,48986.0
16017,40119.0,41255.0,39720.0
16019,49979.0,49748.0,50347.0
16021,37037.0,33655.0,38257.0
16023,41368.0,41026.0,43611.0
16025,46483.0,45439.0,48621.0
16027,42419.0,39132.0,41700.0
16029,49208.0,49665.0,55010.0
16031,40739.0,41393.0,42155.0
16033,41387.0,40581.0,44997.0
16035,38124.0,38086.0,38980.0
16037,42575.0,44234.0,44309.0
16039,40475.0,43120.0,42391.0
16041,43936.0,46348.0,46607.0
16043,38407.0,41411.0,41629.0
16045,40110.0,40541.0,40399.0
16047,37751.0,39670.0,39809.0
16049,35715.0,39184.0,36365.0
16051,50123.0,47827.0,50080.0
16053,40229.0,39454.0,43384.0
16055,43826.0,47026.0,46886.0
16057,40942.0,42350.0,40873.0
16059,34757.0,36319.0,36797.0
16061,37742.0,40149.0,40035.0
16063,39517.0,40460.0,42224.0
16065,36202.0,33343.0,37565.0
16067,39802.0,40779.0,42978.0
16069,43580.0,43662.0,45155.0
16071,44425.0,43519.0,44628.0
16073,36670.0,33518.0,38197.0
16075,39724.0,39031.0,41314.0
16077,39555.0,39288.0,40713.0
16079,36129.0,36811.0,37294.0
16081,52272.0,51561.0,54231.0
16083,42007.0,41942.0,41499.0
16085,45248.0,46210.0,46314.0
16087,35774.0,35232.0,36767.0
17001,41734.0,43293.0,46038.0
17003,29278.0,28499.0,28933.0
17005,46364.0,44945.0,46639.0
17007,57323.0,57708.0,60433.0
17009,43640.0,46160.0,46481.0
17011,45580.0,48474.0,48005.0
17013,45772.0,47218.0,47131.0
17015,47032.0,42996.0,47376.0
17017,43183.0,40065.0,44651.0
17019,45803.0,42847.0,46708.0
17021,44253.0,46401.0,43393.0
17023,44312.0,48940.0,47404.0
17025,38091.0,38445.0,40573.0
17027,52650.0,59711.0,60498.0
17029,38242.0,40623.0,36093.0
17031,51457.0,50806.0,52160.0
17033,41612.0,46307.0,44363.0
17035,43448.0,47145.0,44384.0
17037,52106.0,52091.0,50502.0
17039,48662.0,56147.0,51794.0
17041,48469.0,48671.0,52758.0
17043,72470.0,74122.0,78131.0
17045,39386.0,43596.0,42645.0
17047,43044.0,41239.0,43124.0
17049,49001.0,48632.0,51319.0
17051,38966.0,40247.0,41997.0
17053,48622.0,49206.0,48652.0
17055,32853.0,36610.0,38992.0
17057,40749.0,46539.0,41899.0
17059,37287.0,36722.0,38126.0
17061,40399.0,42534.0,41576.0
17063,60130.0,63685.0,63167.0
17065,40670.0,41446.0,42673.0
17067,41520.0,43850.0,45183.0
17069,34228.0,35596.0,36576.0
17071,43212.0,45217.0,47047.0
17073,49262.0,50445.0,53998.0
17075,43873.0,48577.0,47201.0
17077,32739.0,32868.0,31900.0
17079,46000.0,46257.0,48726.0
17081,40527.0,42601.0,40596.0
17083,54278.0,55416.0,52049.0
17085,45972.0,51293.0,49671.0
17087,41743.0,42357.0,43237.0
17089,65430.0,66133.0,64870.0
17091,45707.0,46046.0,50985.0
17093,79542.0,82934.0,84816.0
17095,39409.0,39803.0,40973.0
17097,74594.0,74306.0,74459.0
17099,49414.0,48945.0,49431.0
17101,37428.0,38934.0,39474.0
17103,48749.0,48388.0,50304.0
17105,51427.0,53249.0,55150.0
17107,48311.0,46863.0,47111.0
17109,37890.0,38916.0,40487.0
17111,69290.0,70682.0,76417.0
17113,59719.0,58791.0,62129.0
17115,42206.0,44725.0,44889.0
17117,45995.0,46525.0,48349.0
17119,51706.0,50462.0,51736.0
17121,38182.0,40056.0,40890.0
17123,48647.0,50571.0,53100.0
17125,42529.0,43515.0,45314.0
17127,39636.0,39308.0,40837.0
17129,58075.0,58900.0,62001.0
17131,46871.0,52351.0,52503.0
17133,69731.0,71766.0,72265.0
17135,42468.0,49430.0,45365.0
17137,43753.0,43210.0,47514.0
17139,47459.0,49994.0,50859.0
17141,53402.0,55009.0,52976.0
17143,50166.0,49022.0,47310.0
17145,38916.0,40167.0,40877.0
17147,54350.0,61339.0,63656.0
17149,37172.0,38743.0,40087.0
17151,37926.0,37757.0,38588.0
17153,33262.0,31742.0,32510.0
17155,52564.0,51518.0,58776.0
17157,46410.0,44708.0,46817.0
17159,40893.0,42369.0,41667.0
17161,45114.0,44487.0,49875.0
17163,47027.0,49634.0,46921.0
17165,37170.0,35999.0,38056.0
17167,51057.0,51537.0,55386.0
17169,45481.0,43744.0,47766.0
17171,48890.0,48361.0,47541.0
17173,45474.0,45964.0,47428.0
17175,49280.0,46913.0,48225.0
17177,42869.0,42661.0,45907.0
17179,50737.0,50106.0,60403.0
17181,39764.0,39099.0,41054.0
17183,38534.0,40742.0,40709.0
17185,42129.0,48154.0,46323.0
17187,43881.0,44818.0,43045.0
17189,51209.0,50465.0,54564.0
17191,40630.0,40178.0,43662.0
17193,39964.0,41706.0,42911.0
17195,45606.0,45930.0,45818.0
17197,71344.0,72053.0,72395.0
17199,43004.0,41079.0,41033.0
17201,44336.0,44353.0,49060.0
17203,65931.0,65998.0,69806.0
18001,43121.0,47265.0,42944.0
18003,47014.0,47411.0,48795.0
18005,49045.0,52669.0,53475.0
18007,47520.0,45644.0,48692.0
18009,38637.0,38346.0,38927.0
18011,66023.0,63717.0,69919.0
18013,46770.0,53376.0,49837.0
18015,49966.0,49216.0,51038.0
18017,38859.0,41271.0,40809.0
18019,44775.0,49778.0,49164.0
18021,42233.0,44574.0,44230.0
18023,47229.0,45712.0,47748.0
18025,39358.0,37674.0,39534.0
18027,42318.0,43800.0,44689.0
18029,55817.0,56344.0,57465.0
18031,49551.0,44574.0,47387.0
18033,46781.0,46262.0,48116.0
18035,36362.0,37208.0,37339.0
18037,51885.0,51936.0,53814.0
18039,42168.0,44354.0,45806.0
18041,36734.0,37292.0,39998.0
18043,49117.0,51210.0,53367.0
18045,43947.0,44508.0,47905.0
18047,48938.0,51106.0,45992.0
18049,40856.0,42417.0,44300.0
18051,45383.0,46570.0,49320.0
18053,35976.0,38745.0,39151.0
18055,41504.0,42877.0,42684.0
18057,82054.0,84939.0,88429.0
18059,62195.0,61540.0,66131.0
18061,48775.0,49551.0,50704.0
18063,66080.0,64239.0,70886.0
18065,40732.0,36572.0,41565.0
18067,41786.0,40997.0,42148.0
18069,46530.0,47326.0,43552.0
18071,46562.0,44921.0,46573.0
18073,55267.0,52559.0,54092.0
18075,38117.0,38572.0,42410.0
18077,41654.0,40386.0,43104.0
18079,41869.0,42577.0,46023.0
18081,58695.0,61477.0,61671.0
18083,39123.0,38653.0,41356.0
18085,47811.0,50823.0,50153.0
18087,44151.0,42119.0,47870.0
18089,45252.0,48143.0,48015.0
18091,44039.0,47201.0,46127.0
18093,41305.0,43471.0,39447.0
18095,39449.0,41766.0,42707.0
18097,39393.0,39957.0,41586.0
18099,43283.0,46301.0,46129.0
18101,43854.0,44715.0,44597.0
18103,40466.0,43287.0,43608.0
18105,38348.0,40262.0,39309.0
18107,41853.0,43176.0,45404.0
18109,53738.0,53690.0,52886.0
18111,48043.0,44418.0,50129.0
18113,45269.0,46690.0,44192.0
18115,47937.0,48788.0,49301.0
18117,35999.0,37910.0,38651.0
18119,42658.0,41004.0,41106.0
18121,42749.0,40790.0,41311.0
18123,41446.0,45234.0,42942.0
18125,39684.0,42482.0,44977.0
18127,56648.0,62178.0,63879.0
18129,56159.0,55488.0,61587.0
18131,41794.0,43971.0,41818.0
18133,44437.0,46961.0,47161.0
18135,40806.0,39611.0,40656.0
18137,45951.0,47900.0,48227.0
18139,45464.0,44416.0,44979.0
18141,42316.0,43813.0,45248.0
18143,39134.0,38826.0,40299.0
18145,46619.0,49437.0,49965.0
18147,47726.0,53464.0,55824.0
18149,38317.0,42088.0,41700.0
18151,45431.0,45957.0,46412.0
18153,42481.0,42608.0,41223.0
18155,42268.0,42285.0,42497.0
18157,41722.0,43339.0,43529.0
18159,54171.0,53300.0,53917.0
18161,44337.0,43540.0,44796.0
18163,41024.0,43570.0,41784.0
18165,42613.0,45089.0,42709.0
18167,39089.0,39173.0,40091.0
18169,42990.0,42032.0,45849.0
18171,50349.0,49095.0,53781.0
18173,59195.0,63543.0,60551.0
18175,39945.0,39085.0,41598.0
18177,36424.0,36559.0,35220.0
18179,45492.0,49234.0,49264.0
18181,43487.0,45748.0,48274.0
18183,49989.0,48192.0,52081.0
19001,45540.0,44701.0,46917.0
19003,39781.0,42062.0,42338.0
19005,45881.0,39670.0,45923.0
19007,35352.0,36693.0,38685.0
19009,45563.0,45310.0,47823.0
19011,54283.0,54222.0,59333.0
19013,44046.0,43037.0,48625.0
19015,51723.0,50758.0,51399.0
19017,55606.0,57646.0,60034.0
19019,50026.0,52930.0,54382.0
19021,44795.0,46356.0,45582.0
19023,49703.0,51560.0,51605.0
19025,44859.0,46171.0,47044.0
19027,49536.0,49251.0,50372.0
19029,40867.0,41329.0,44906.0
19031,55413.0,57890.0,57084.0
19033,43982.0,43120.0,43822.0
19035,46305.0,47570.0,48794.0
19037,45083.0,47311.0,48963.0
19039,43016.0,42670.0,44043.0
19041,44395.0,50289.0,48190.0
19043,41940.0,44370.0,44236.0
19045,46577.0,45600.0,46217.0
19047,45637.0,44197.0,48775.0
19049,68568.0,72146.0,73052.0
19051,40145.0,40673.0,42459.0
19053,34250.0,33803.0,37561.0
19055,45910.0,50231.0,54718.0
19057,42191.0,43721.0,42082.0
19059,49295.0,52821.0,51885.0
19061,49493.0,52084.0,50137.0
19063,41519.0,44556.0,44060.0
19065,41163.0,41547.0,43039.0
19067,42233.0,44478.0,43478.0
19069,45383.0,47396.0,51139.0
19071,47513.0,51410.0,50826.0
19073,46947.0,44271.0,46295.0
19075,55302.0,54645.0,57011.0
19077,48064.0,47762.0,49400.0
19079,46574.0,45331.0,51773.0
19081,48195.0,50935.0,49006.0
19083,46411.0,46708.0,48445.0
19085,50845.0,49921.0,50963.0
19087,43228.0,45330.0,45647.0
19089,40919.0,45450.0,48169.0
19091,46300.0,48954.0,51637.0
19093,47035.0,48480.0,51014.0
19095,52592.0,53984.0,55723.0
19097,42274.0,44840.0,45885.0
19099,46565.0,50469.0,51723.0
19101,40158.0,39743.0,40921.0
19103,51014.0,53570.0,52934.0
19105,46600.0,50929.0,52442.0
19107,42999.0,42766.0,44648.0
19109,47930.0,46294.0,51137.0
19111,40363.0,43110.0,41291.0
19113,54806.0,55772.0,57663.0
19115,50301.0,48372.0,48191.0
19117,39207.0,38422.0,45158.0
19119,51491.0,53398.0,54695.0
19121,52351.0,56258.0,59417.0
19123,45211.0,47598.0,48705.0
19125,52845.0,51996.0,55505.0
19127,45911.0,47535.0,51348.0
19129,57359.0,57331.0,56968.0
19131,47406.0,45430.0,50848.0
19133,43052.0,41458.0,44254.0
19135,42631.0,42961.0,45265.0
19137,41068.0,41437.0,46142.0
19139,47583.0,47966.0,53219.0
19141,44209.0,46233.0,49861.0
19143,51042.0,47890.0,46270.0
19145,40960.0,42449.0,45205.0
19147,43360.0,43557.0,47639.0
19149,61292.0,55047.0,58885.0
19151,44225.0,43766.0,45780.0
19153,54328.0,56091.0,57942.0
19155,47870.0,48589.0,49911.0
19157,48929.0,49853.0,50883.0
19159,36810.0,38547.0,40049.0
19161,42888.0,49480.0,46997.0
19163,47800.0,50007.0,53315.0
19165,49056.0,48572.0,53135.0
19167,53705.0,57027.0,61176.0
19169,49192.0,48121.0,51291.0
19171,48833.0,50034.0,47799.0
19173,42768.0,43155.0,44939.0
19175,39977.0,39922.0,42430.0
19177,37833.0,39719.0,42183.0
19179,38569.0,39999.0,41547.0
19181,62036.0,62688.0,63310.0
19183,47118.0,50559.0,53888.0
19185,35867.0,37662.0,39060.0
19187,39565.0,42178.0,42444.0
19189,48933.0,47692.0,49213.0
19191,51248.0,49148.0,49889.0
19193,42672.0,43362.0,43163.0
19195,46384.0,48718.0,48382.0
19197,44456.0,43647.0,47677.0
20001,39662.0,37353.0,37952.0
20003,41054.0,42185.0,42424.0
20005,41659.0,42131.0,43253.0
20007,42565.0,44118.0,47811.0
20009,43675.0,42183.0,43371.0
20011,37192.0,35805.0,37057.0
20013,40464.0,40424.0,42256.0
20015,55182.0,53217.0,58031.0
20017,39683.0,41217.0,42940.0
20019,34772.0,35952.0,35714.0
20021,36204.0,39696.0,39938.0
20023,35730.0,36835.0,40810.0
20025,41715.0,42171.0,43310.0
20027,46421.0,47692.0,47736.0
20029,37539.0,39763.0,40184.0
20031,49727.0,54644.0,50826.0
20033,38207.0,39975.0,42851.0
20035,39155.0,40248.0,37436.0
20037,35407.0,34080.0,35365.0
20039,37081.0,37986.0,40168.0
20041,45037.0,46894.0,47962.0
20043,45202.0,43092.0,44524.0
20045,47335.0,47930.0,48813.0
20047,41800.0,43874.0,44028.0
20049,32619.0,34174.0,34857.0
20051,42409.0,41774.0,45969.0
20053,41622.0,46927.0,48874.0
20055,46697.0,44888.0,46496.0
20057,43876.0,47542.0,46668.0
20059,46965.0,46553.0,48895.0
20061,43691.0,40224.0,46008.0
20063,41263.0,44351.0,47114.0
20065,40049.0,40903.0,45650.0
20067,51460.0,54230.0,53369.0
20069,51828.0,59278.0,55780.0
20071,47625.0,48606.0,50619.0
20073,35146.0,35765.0,41382.0
20075,42586.0,43679.0,43380.0
20077,37468.0,39104.0,41399.0
20079,46941.0,50958.0,49624.0
20081,51257.0,54340.0,53430.0
20083,43338.0,45992.0,51276.0
20085,50709.0,50342.0,50943.0
20087,52592.0,57046.0,55057.0
20089,37640.0,38865.0,34195.0
20091,71389.0,70665.0,73712.0
20093,49426.0,51413.0,50626.0
20095,46574.0,47684.0,49431.0
20097,41166.0,39796.0,42543.0
20099,39683.0,37879.0,36715.0
20101,44288.0,47900.0,51366.0
20103,60848.0,61567.0,59662.0
20105,39442.0,39317.0,42847.0
20107,43509.0,44615.0,43726.0
20109,42297.0,43315.0,45933.0
20111,39258.0,39346.0,39195.0
20113,54881.0,48130.0,53969.0
20115,45899.0,43749.0,45243.0
20117,43584.0,42619.0,44693.0
20119,48634.0,49141.0,50863.0
20121,58445.0,57580.0,64629.0
20123,42946.0,43511.0,46204.0
20125,37495.0,36670.0,39553.0
20127,44417.0,44227.0,42765.0
20129,49526.0,47006.0,52950.0
20131,44056.0,47971.0,50077.0
20133,38363.0,40651.0,40541.0
20135,51717.0,44774.0,49541.0
20137,40386.0,41396.0,42202.0
20139,45221.0,47318.0,46706.0
20141,36519.0,37949.0,39468.0
20143,53086.0,48998.0,48266.0
20145,42658.0,41623.0,43901.0
20147,42071.0,40746.0,43519.0
20149,52861.0,53339.0,56891.0
20151,43987.0,44964.0,47220.0
20153,40211.0,40908.0,44563.0
20155,41717.0,41892.0,43094.0
20157,38331.0,38132.0,39085.0
20159,41687.0,45420.0,44833.0
20161,45523.0,45558.0,43574.0
20163,38487.0,39326.0,41363.0
20165,38595.0,37693.0,40415.0
20167,36575.0,37140.0,36614.0
20169,43927.0,45359.0,45225.0
20171,46925.0,49066.0,51245.0
20173,45996.0,49526.0,47649.0
20175,43449.0,47855.0,47801.0
20177,45359.0,44816.0,48122.0
20179,46699.0,48498.0,50601.0
20181,37927.0,39660.0,39160.0
20183,38120.0,38090.0,40075.0
20185,39980.0,44133.0,43240.0
20187,49580.0,49115.0,53087.0
20189,50070.0,58901.0,53045.0
20191,47113.0,47460.0,49535.0
20193,45797.0,47892.0,48982.0
20195,40178.0,45683.0,46693.0
20197,50740.0,51666.0,54375.0
20199,43553.0,47573.0,49091.0
20201,40956.0,39962.0,43889.0
20203,45918.0,46929.0,48734.0
20205,37078.0,37002.0,36879.0
20207,33134.0,33221.0,32681.0
20209,37805.0,38016.0,37780.0
21001,30177.0,30147.0,31032.0
21003,35617.0,35614.0,37770.0
21005,52660.0,51817.0,54704.0
21007,41776.0,40790.0,41947.0
21009,38000.0,36298.0,37211.0
21011,32091.0,29857.0,31964.0
21013,26911.0,24940.0,25771.0
21015,64005.0,64055.0,66085.0
21017,39219.0,40350.0,39002.0
21019,38029.0,38783.0,40155.0
21021,39241.0,39663.0,42058.0
21023,42056.0,41974.0,41217.0
21025,28045.0,26829.0,25831.0
21027,35428.0,38028.0,40530.0
21029,51409.0,52033.0,56377.0
21031,35162.0,32483.0,37603.0
21033,36255.0,36650.0,36613.0
21035,39038.0,39599.0,37478.0
21037,47341.0,53501.0,54627.0
21039,38182.0,38075.0,41990.0
21041,42192.0,40685.0,40473.0
21043,34303.0,35471.0,35721.0
21045,26612.0,28034.0,28734.0
21047,36542.0,35779.0,37539.0
21049,45016.0,44494.0,45116.0
21051,24081.0,22289.0,22834.0
21053,27133.0,27095.0,26899.0
21055,33966.0,33570.0,35250.0
21057,27382.0,27570.0,27049.0
21059,41878.0,44379.0,44502.0
21061,34849.0,36321.0,36039.0
21063,29335.0,29339.0,28893.0
21065,29486.0,28961.0,29895.0
21067,45820.0,47211.0,46452.0
21069,33141.0,34736.0,34231.0
21071,28589.0,28459.0,31061.0
21073,46323.0,44241.0,46946.0
21075,30662.0,28340.0,28754.0
21077,42761.0,41084.0,43469.0
21079,40834.0,40292.0,42620.0
21081,42690.0,44158.0,46103.0
21083,34811.0,35690.0,39280.0
21085,32970.0,32793.0,35126.0
21087,31423.0,31189.0,32246.0
21089,40752.0,41676.0,43869.0
21091,46729.0,52049.0,50095.0
21093,44203.0,47423.0,48852.0
21095,28503.0,28721.0,27137.0
21097,42124.0,39160.0,38249.0
21099,31733.0,31677.0,31387.0
21101,41309.0,41244.0,41745.0
21103,40806.0,42614.0,45119.0
21105,39087.0,38446.0,39376.0
21107,39738.0,39733.0,40076.0
21109,26462.0,26344.0,27456.0
21111,42535.0,45407.0,45913.0
21113,43503.0,47280.0,47872.0
21115,34260.0,35068.0,35195.0
21117,51049.0,50150.0,53500.0
21119,30693.0,29791.0,29198.0
21121,25965.0,25536.0,27545.0
21123,37863.0,39174.0,40232.0
21125,34712.0,35147.0,35061.0
21127,33313.0,32275.0,32114.0
21129,24908.0,24770.0,25020.0
21131,30597.0,29645.0,27517.0
21133,33410.0,31146.0,32527.0
21135,29453.0,28740.0,28759.0
21137,32864.0,35530.0,33640.0
21139,38608.0,38724.0,39724.0
21141,37316.0,39304.0,38962.0
21143,39588.0,40006.0,40110.0
21145,41585.0,44115.0,42853.0
21147,24691.0,24640.0,23810.0
21149,38580.0,38984.0,39789.0
21151,41945.0,40034.0,40798.0
21153,28943.0,28004.0,28069.0
21155,36816.0,36168.0,39028.0
21157,43825.0,45163.0,43583.0
21159,29575.0,28880.0,28836.0
21161,36795.0,39837.0,36729.0
21163,46671.0,48485.0,48452.0
21165,28061.0,28773.0,28459.0
21167,41985.0,40502.0,41129.0
21169,28538.0,29852.0,29499.0
21171,28074.0,27480.0,28516.0
21173,37678.0,40267.0,38900.0
21175,30502.0,29078.0,30678.0
21177,37614.0,35316.0,38388.0
21179,43330.0,42271.0,46235.0
21181,36306.0,34886.0,36514.0
21183,35975.0,37545.0,38273.0
21185,75724.0,80872.0,77851.0
21187,40413.0,40909.0,40353.0
21189,22335.0,21865.0,22148.0
21191,43517.0,44853.0,46663.0
21193,31604.0,31623.0,32323.0
21195,30302.0,33881.0,33736.0
21197,32041.0,31129.0,31826.0
21199,33026.0,34695.0,32339.0
21201,32844.0,35504.0,36770.0
21203,30900.0,30323.0,30310.0
21205,35145.0,34920.0,35483.0
21207,29478.0,30691.0,28174.0
21209,56791.0,58164.0,63063.0
21211,51845.0,51021.0,56021.0
21213,40905.0,40583.0,41961.0
21215,62579.0,62347.0,65038.0
21217,35962.0,33348.0,34992.0
21219,36173.0,37325.0,37631.0
21221,42387.0,41699.0,42419.0
21223,44533.0,43677.0,43903.0
21225,41209.0,42059.0,41801.0
21227,41001.0,40026.0,42514.0
21229,38618.0,39023.0,39432.0
21231,26683.0,27637.0,28185.0
21233,41516.0,40454.0,41428.0
21235,29813.0,29870.0,29089.0
21237,25968.0,25950.0,25321.0
21239,55962.0,54930.0,58205.0
22001,36814.0,34960.0,36923.0
22003,35711.0,34586.0,36082.0
22005,62069.0,63305.0,65271.0
22007,43503.0,44770.0,41472.0
22009,31523.0,31733.0,32582.0
22011,43672.0,43673.0,44303.0
22013,31421.0,30750.0,31732.0
22015,48957.0,50577.0,52725.0
22017,37739.0,39948.0,40455.0
22019,40928.0,41065.0,44307.0
22021,34855.0,36415.0,34845.0
22023,47100.0,54318.0,50016.0
22025,31325.0,31678.0,31389.0
22027,34274.0,34084.0,32678.0
22029,29891.0,29373.0,29778.0
22031,37379.0,40507.0,38085.0
22033,44911.0,45924.0,47389.0
22035,25442.0,25163.0,24688.0
22037,42347.0,38478.0,42571.0
22039,31736.0,32099.0,31128.0
22041,30105.0,29025.0,28215.0
22043,38225.0,39539.0,37893.0
22045,40914.0,40626.0,42555.0
22047,40140.0,37832.0,39405.0
22049,36312.0,36032.0,36882.0
22051,46500.0,43700.0,45515.0
22053,39246.0,38723.0,37814.0
22055,48295.0,47138.0,48382.0
22057,48436.0,48180.0,49464.0
22059,41563.0,42576.0,42128.0
22061,36532.0,34497.0,36147.0
22063,53125.0,53700.0,52865.0
22065,25565.0,23240.0,23837.0
22067,29526.0,26778.0,28804.0
22069,32055.0,32203.0,33715.0
22071,36525.0,34851.0,33948.0
22073,37728.0,35770.0,36895.0
22075,49781.0,52259.0,49964.0
22077,41277.0,40052.0,41386.0
22079,39693.0,36624.0,41036.0
22081,32711.0,32650.0,33011.0
22083,32646.0,32148.0,33398.0
22085,36604.0,37875.0,37440.0
22087,38700.0,38068.0,40900.0
22089,54553.0,54860.0,55684.0
22091,32936.0,33721.0,33879.0
22093,45829.0,43701.0,46626.0
22095,45987.0,50483.0,47312.0
22097,33466.0,33750.0,34299.0
22099,39444.0,38826.0,41875.0
22101,40193.0,38813.0,37720.0
22103,59389.0,57694.0,58383.0
22105,37454.0,38420.0,36573.0
22107,26976.0,26903.0,26909.0
22109,47847.0,45054.0,48472.0
22111,36863.0,34958.0,35066.0
22113,43498.0,39091.0,45419.0
22115,43752.0,45726.0,43803.0
22117,30950.0,29443.0,30986.0
22119,35861.0,35908.0,36000.0
22121,46783.0,46155.0,47301.0
22123,32143.0,27781.0,32666.0
22125,48917.0,49479.0,50802.0
22127,33447.0,33875.0,35705.0
23001,41831.0,43899.0,43692.0
23003,36344.0,35572.0,37996.0
23005,57424.0,55459.0,55456.0
23007,39034.0,39405.0,36729.0
23009,41106.0,44599.0,45564.0
23011,44725.0,44441.0,45779.0
23013,42593.0,46366.0,46850.0
23015,45520.0,45674.0,50379.0
23017,38789.0,37915.0,41280.0
23019,42602.0,41199.0,41820.0
23021,34420.0,36017.0,35816.0
23023,52071.0,52187.0,51168.0
23025,36249.0,37339.0,38706.0
23027,37986.0,41888.0,39917.0
23029,32847.0,33637.0,36657.0
23031,54076.0,55725.0,52663.0
24001,37083.0,38504.0,38670.0
24003,80908.0,82980.0,87083.0
24005,62300.0,62309.0,62413.0
24009,86536.0,88406.0,87215.0
24011,55480.0,50809.0,48772.0
24013,80291.0,82553.0,79304.0
24015,61506.0,61191.0,62443.0
24017,83078.0,88575.0,89203.0
24019,39630.0,41936.0,41931.0
24021,80216.0,77872.0,80427.0
24023,43637.0,41829.0,41515.0
24025,71848.0,77095.0,76220.0
24027,100992.0,99040.0,108234.0
24029,49017.0,49795.0,49969.0
24031,88559.0,92288.0,94365.0
24033,69524.0,70114.0,69258.0
24035,78503.0,75158.0,79012.0
24037,81559.0,80943.0,85478.0
24039,38134.0,35426.0,34454.0
24041,56806.0,55145.0,61529.0
24043,51610.0,52028.0,52604.0
24045,47702.0,45788.0,50204.0
24047,55492.0,48472.0,55875.0
24510,38186.0,38478.0,39077.0
25001,54871.0,56167.0,58616.0
25003,44792.0,43813.0,46660.0
25005,51361.0,53307.0,53670.0
25007,56320.0,58133.0,56784.0
25009,61604.0,64303.0,67408.0
25011,49361.0,49940.0,54159.0
25013,46356.0,47313.0,48386.0
25015,57558.0,54548.0,58206.0
25017,75364.0,76803.0,81924.0
25019,67969.0,68431.0,70286.0
25021,79899.0,81590.0,80192.0
25023,71555.0,67989.0,72795.0
25025,49584.0,49033.0,50884.0
25027,61079.0,60396.0,62318.0
26001,33853.0,35407.0,37443.0
26003,36749.0,39486.0,38916.0
26005,45879.0,50559.0,50786.0
26007,36289.0,37270.0,37330.0
26009,42083.0,41679.0,42419.0
26011,34116.0,38008.0,37924.0
26013,38819.0,38119.0,38581.0
26015,50062.0,50051.0,55522.0
26017,43845.0,43068.0,44242.0
26019,43136.0,45998.0,42675.0
26021,40540.0,40946.0,43324.0
26023,37629.0,40462.0,43429.0
26025,42665.0,39694.0,40847.0
26027,42420.0,44626.0,44233.0
26029,43530.0,44061.0,44541.0
26031,36508.0,37133.0,37610.0
26033,36253.0,39520.0,40273.0
26035,31882.0,31443.0,32274.0
26037,58790.0,58286.0,59008.0
26039,38661.0,37874.0,37169.0
26041,39085.0,40982.0,42116.0
26043,41657.0,44262.0,42025.0
26045,52300.0,51428.0,55229.0
26047,45875.0,48285.0,49647.0
26049,39271.0,40854.0,40483.0
26051,36064.0,34747.0,37442.0
26053,31998.0,33382.0,34444.0
26055,47442.0,46786.0,51030.0
26057,40227.0,40359.0,42657.0
26059,41360.0,41030.0,40179.0
26061,34828.0,35425.0,35758.0
26063,38274.0,39726.0,40459.0
26065,43414.0,42371.0,43864.0
26067,42719.0,46072.0,50695.0
26069,33985.0,33487.0,34343.0
26071,34911.0,34384.0,34167.0
26073,35644.0,38154.0,38041.0
26075,43465.0,42379.0,43827.0
26077,43957.0,45798.0,45093.0
26079,38810.0,38053.0,40135.0
26081,47897.0,50651.0,50674.0
26083,38768.0,38207.0,39378.0
26085,28526.0,28971.0,30897.0
26087,49759.0,50232.0,51627.0
26089,55149.0,51267.0,54494.0
26091,45887.0,45512.0,48427.0
26093,65729.0,68895.0,75744.0
26095,35813.0,36515.0,38384.0
26097,37072.0,36393.0,36562.0
26099,49348.0,50958.0,52275.0
26101,37479.0,39347.0,39319.0
26103,44239.0,41663.0,44629.0
26105,38776.0,39101.0,40752.0
26107,36193.0,38634.0,39253.0
26109,40253.0,39292.0,38157.0
26111,50430.0,53764.0,53208.0
26113,36931.0,37616.0,40917.0
26115,50777.0,54174.0,51898.0
26117,36701.0,41023.0,41205.0
26119,33294.0,32241.0,34336.0
26121,39075.0,38482.0,40580.0
26123,38846.0,41674.0,43060.0
26125,60392.0,61961.0,63511.0
26127,37629.0,39670.0,38233.0
26129,34595.0,33222.0,33769.0
26131,36566.0,34352.0,34501.0
26133,37840.0,38404.0,36023.0
26135,31303.0,31579.0,33046.0
26137,43601.0,44129.0,48242.0
26139,53454.0,54461.0,55158.0
26141,36376.0,39483.0,38019.0
26143,32401.0,32742.0,34536.0
26145,41714.0,40411.0,40421.0
26147,44706.0,45858.0,44994.0
26149,41535.0,40796.0,40693.0
26151,39646.0,37465.0,39315.0
26153,37180.0,38366.0,37795.0
26155,45444.0,46811.0,42893.0
26157,40808.0,42808.0,42165.0
26159,43659.0,41600.0,44119.0
26161,56177.0,56789.0,56618.0
26163,39421.0,38479.0,39461.0
26165,36316.0,43873.0,36514.0
27001,38646.0,39958.0,38871.0
27003,65732.0,63799.0,67811.0
27005,43970.0,47819.0,47356.0
27007,40308.0,40657.0,42655.0
27009,49736.0,49482.0,52308.0
27011,40829.0,43190.0,44210.0
27013,46835.0,46280.0,48788.0
27015,43924.0,50339.0,48348.0
27017,48959.0,49357.0,50049.0
27019,81935.0,85314.0,85064.0
27021,40580.0,42297.0,43491.0
27023,44717.0,46545.0,49545.0
27025,63237.0,62776.0,65617.0
27027,48395.0,52731.0,51954.0
27029,41913.0,36697.0,40704.0
27031,43694.0,44278.0,46621.0
27033,44219.0,44504.0,44449.0
27035,45068.0,45514.0,47061.0
27037,69688.0,70064.0,71574.0
27039,60398.0,65423.0,65548.0
27041,48434.0,49161.0,53096.0
27043,44645.0,43567.0,42833.0
27045,45476.0,47241.0,49370.0
27047,42250.0,44352.0,44988.0
27049,55687.0,54724.0,56875.0
27051,44039.0,43715.0,47616.0
27053,59252.0,60811.0,62500.0
27055,50732.0,52325.0,50523.0
27057,42021.0,41196.0,44140.0
27059,55431.0,57860.0,58318.0
27061,45813.0,44957.0,43504.0
27063,50251.0,47337.0,52892.0
27065,42737.0,44691.0,44229.0
27067,44926.0,49543.0,48993.0
27069,43980.0,45740.0,44299.0
27071,41695.0,42771.0,43762.0
27073,44852.0,49670.0,50963.0
27075,47499.0,48683.0,49369.0
27077,39391.0,39777.0,41084.0
27079,55946.0,54468.0,58326.0
27081,43358.0,43996.0,43959.0
27083,49218.0,50031.0,48753.0
27085,53426.0,52120.0,54231.0
27087,35978.0,37593.0,37754.0
27089,47504.0,47760.0,52791.0
27091,47910.0,44597.0,47212.0
27093,49784.0,51299.0,50174.0
27095,41944.0,43155.0,45101.0
27097,42898.0,44928.0,48387.0
27099,43122.0,46860.0,46315.0
27101,50262.0,52281.0,50353.0
27103,58065.0,55360.0,58882.0
27105,44777.0,44945.0,47713.0
27107,41375.0,44576.0,45043.0
27109,61362.0,66997.0,64385.0
27111,44096.0,47879.0,50645.0
27113,43256.0,41986.0,46483.0
27115,42035.0,42447.0,45943.0
27117,44880.0,43726.0,47143.0
27119,46500.0,49978.0,47679.0
27121,45149.0,47165.0,50692.0
27123,50224.0,51719.0,53707.0
27125,44964.0,44658.0,45228.0
27127,46906.0,47858.0,48775.0
27129,49896.0,49153.0,50502.0
27131,55905.0,56781.0,59332.0
27133,44751.0,49920.0,51766.0
27135,47212.0,48344.0,53261.0
27137,42087.0,44475.0,46601.0
27139,78307.0,81586.0,86324.0
27141,69699.0,68646.0,69865.0
27143,47048.0,53047.0,53732.0
27145,50195.0,52053.0,53986.0
27147,51069.0,54971.0,56940.0
27149,48885.0,46892.0,50832.0
27151,43357.0,46209.0,48660.0
27153,40183.0,41290.0,46765.0
27155,41666.0,45815.0,45907.0
27157,51702.0,53899.0,55686.0
27159,36412.0,36097.0,37577.0
27161,50149.0,52660.0,52927.0
27163,77591.0,77069.0,80647.0
27165,43699.0,46565.0,47115.0
27167,48611.0,50004.0,51940.0
27169,42113.0,46028.0,49753.0
27171,66714.0,68387.0,72216.0
27173,46595.0,46586.0,53266.0
28001,28587.0,26722.0,29940.0
28003,33299.0,31496.0,35583.0
28005,31799.0,32824.0,32724.0
28007,29317.0,30108.0,33679.0
28009,27586.0,27834.0,29037.0
28011,28984.0,28802.0,28832.0
28013,30281.0,32453.0,31353.0
28015,34436.0,34876.0,36906.0
28017,31702.0,30524.0,31601.0
28019,31632.0,31177.0,32814.0
28021,22750.0,22802.0,26152.0
28023,31999.0,32875.0,33749.0
28025,30777.0,30243.0,30057.0
28027,25719.0,27349.0,25662.0
28029,31275.0,31971.0,31147.0
28031,32900.0,31655.0,32932.0
28033,58979.0,54495.0,55011.0
28035,32555.0,33203.0,32210.0
28037,32375.0,33979.0,31287.0
28039,43487.0,42596.0,46194.0
28041,37348.0,37362.0,37234.0
28043,32715.0,32543.0,32677.0
28045,42255.0,39996.0,41308.0
28047,41522.0,39046.0,40782.0
28049,37265.0,35014.0,34786.0
28051,22536.0,22623.0,22535.0
28053,24205.0,23169.0,22945.0
28055,27124.0,27683.0,28886.0
28057,37134.0,37848.0,36308.0
28059,45766.0,47672.0,45993.0
28061,32501.0,30574.0,31861.0
28063,24671.0,23420.0,24437.0
28065,27988.0,27808.0,27098.0
28067,35696.0,37030.0,35322.0
28069,27711.0,27601.0,29162.0
28071,38725.0,39853.0,40696.0
28073,49742.0,49250.0,48057.0
28075,34199.0,36420.0,35874.0
28077,36844.0,35396.0,35342.0
28079,31672.0,33007.0,30062.0
28081,41026.0,40983.0,41371.0
28083,26037.0,24839.0,25075.0
28085,35523.0,36112.0,35653.0
28087,35774.0,38605.0,36626.0
28089,57089.0,55692.0,60387.0
28091,31026.0,31368.0,31334.0
28093,35443.0,32943.0,33423.0
28095,34468.0,34735.0,36089.0
28097,30197.0,31249.0,29863.0
28099,34698.0,34658.0,34881.0
28101,34123.0,34269.0,33333.0
28103,24699.0,21929.0,26021.0
28105,33008.0,31937.0,32132.0
28107,32377.0,32764.0,33489.0
28109,39424.0,38276.0,36001.0
28111,34470.0,34766.0,33667.0
28113,29601.0,31142.0,32196.0
28115,37493.0,38348.0,39710.0
28117,33940.0,32927.0,33705.0
28119,25507.0,24786.0,24117.0
28121,51007.0,59890.0,56101.0
28123,32711.0,32004.0,32989.0
28125,24987.0,26439.0,26139.0
28127,34843.0,32348.0,34538.0
28129,36912.0,36311.0,34678.0
28131,37975.0,39113.0,41097.0
28133,26921.0,26788.0,25272.0
28135,27352.0,27789.0,27121.0
28137,41465.0,42201.0,40811.0
28139,33223.0,33701.0,34142.0
28141,33775.0,33494.0,34223.0
28143,29808.0,29631.0,30200.0
28145,37403.0,36925.0,40337.0
28147,30278.0,28707.0,28920.0
28149,37578.0,38874.0,38911.0
28151,25559.0,29287.0,28444.0
28153,32355.0,32817.0,33140.0
28155,32798.0,32935.0,35278.0
28157,27622.0,26738.0,26894.0
28159,31021.0,31826.0,32128.0
28161,31644.0,32022.0,32164.0
28163,28474.0,28449.0,28499.0
29001,32015.0,33639.0,32870.0
29003,53150.0,54994.0,55638.0
29005,43587.0,43322.0,45187.0
29007,40899.0,39554.0,38570.0
29009,34838.0,36546.0,34712.0
29011,36851.0,36076.0,37460.0
29013,39265.0,40376.0,39382.0
29015,30920.0,36255.0,32409.0
29017,36972.0,38565.0,37664.0
29019,42202.0,46769.0,45885.0
29021,41210.0,42031.0,41774.0
29023,32919.0,33480.0,34414.0
29025,39216.0,44206.0,40814.0
29027,47098.0,45968.0,44391.0
29029,42955.0,40370.0,41858.0
29031,44569.0,41755.0,45979.0
29033,39071.0,40035.0,41139.0
29035,28524.0,27878.0,29156.0
29037,57368.0,54969.0,56402.0
29039,31542.0,30536.0,32077.0
29041,39800.0,41409.0,41066.0
29043,48041.0,50426.0,52413.0
29045,36809.0,38597.0,38650.0
29047,55835.0,59039.0,58151.0
29049,51846.0,49202.0,55392.0
29051,52835.0,54396.0,51555.0
29053,41925.0,42482.0,42857.0
29055,34555.0,38215.0,34840.0
29057,33452.0,33754.0,34416.0
29059,37589.0,33535.0,33997.0
29061,38279.0,38820.0,39549.0
29063,41804.0,41264.0,42004.0
29065,34327.0,34288.0,33413.0
29067,29830.0,30071.0,30550.0
29069,29372.0,32018.0,29976.0
29071,47530.0,47663.0,45061.0
29073,39688.0,39751.0,40723.0
29075,35755.0,37314.0,38661.0
29077,38059.0,40423.0,40570.0
29079,35017.0,35002.0,35256.0
29081,34324.0,35626.0,37053.0
29083,37016.0,38410.0,41189.0
29085,27957.0,30049.0,30163.0
29087,39141.0,41054.0,40036.0
29089,39383.0,42733.0,37742.0
29091,33211.0,31645.0,32492.0
29093,33059.0,32173.0,34913.0
29095,44620.0,44508.0,44634.0
29097,37565.0,39359.0,37743.0
29099,52841.0,51008.0,53013.0
29101,43327.0,48483.0,44742.0
29103,33076.0,33381.0,33164.0
29105,35688.0,37442.0,36670.0
29107,45621.0,47604.0,46765.0
29109,38800.0,41128.0,35385.0
29111,36501.0,40795.0,41204.0
29113,50307.0,50523.0,53542.0
29115,35323.0,35697.0,36602.0
29117,39821.0,37956.0,39399.0
29119,33352.0,34497.0,32618.0
29121,37130.0,36969.0,36801.0
29123,33841.0,32734.0,33280.0
29125,38877.0,38568.0,41258.0
29127,39975.0,36120.0,40726.0
29129,35184.0,35483.0,38007.0
29131,34266.0,35573.0,36070.0
29133,30252.0,29533.0,28412.0
29135,44475.0,43931.0,42684.0
29137,36950.0,40176.0,39286.0
29139,38145.0,38722.0,39493.0
29141,34374.0,34885.0,33618.0
29143,32921.0,35522.0,34544.0
29145,40955.0,41722.0,41623.0
29147,39823.0,38478.0,40296.0
29149,27646.0,27616.0,28146.0
29151,49058.0,49977.0,49989.0
29153,28709.0,30284.0,31430.0
29155,28152.0,26647.0,30295.0
29157,43200.0,43899.0,47227.0
29159,36882.0,38026.0,37255.0
29161,39765.0,39880.0,38999.0
29163,37169.0,38595.0,38919.0
29165,67791.0,63676.0,67299.0
29167,34837.0,38112.0,37677.0
29169,48374.0,49600.0,46579.0
29171,32643.0,34146.0,35217.0
29173,43763.0,46640.0,47429.0
29175,37537.0,36590.0,38882.0
29177,50278.0,52222.0,48680.0
29179,29819.0,29475.0,30093.0
29181,29213.0,27794.0,29942.0
29183,65281.0,67074.0,70456.0
29185,30998.0,30098.0,31503.0
29186,48031.0,48217.0,48977.0
29187,35630.0,35252.0,35883.0
29189,55290.0,55131.0,56409.0
29195,37537.0,38379.0,38788.0
29197,31978.0,33322.0,31833.0
29199,36272.0,36804.0,35365.0
29201,37457.0,37793.0,38105.0
29203,26600.0,25684.0,27750.0
29205,37829.0,35321.0,38301.0
29207,35994.0,35916.0,38194.0
29209,37788.0,37302.0,39726.0
29211,33932.0,36039.0,37056.0
29213,34281.0,36176.0,35613.0
29215,32076.0,32193.0,32116.0
29217,34985.0,37342.0,38242.0
29219,49157.0,50773.0,49068.0
29221,32823.0,30896.0,33397.0
29223,28626.0,28066.0,30729.0
29225,42966.0,39261.0,42285.0
29227,34246.0,38105.0,35127.0
29229,29608.0,27007.0,30349.0
29510,32767.0,32576.0,32084.0
30001,35952.0,38632.0,38381.0
30003,34507.0,34778.0,36322.0
30005,31724.0,36562.0,36250.0
30007,40730.0,44183.0,45833.0
30009,42256.0,43223.0,43641.0
30011,34240.0,35540.0,35707.0
30013,41827.0,42525.0,42192.0
30015,38434.0,38106.0,39833.0
30017,39469.0,42308.0,41059.0
30019,39453.0,43585.0,47421.0
30021,44548.0,44925.0,47120.0
30023,36135.0,34375.0,36125.0
30025,48347.0,50823.0,50108.0
30027,37669.0,38912.0,40114.0
30029,42278.0,44006.0,45742.0
30031,49354.0,50042.0,51394.0
30033,36638.0,34607.0,34414.0
30035,32460.0,33766.0,34508.0
30037,33265.0,32236.0,33550.0
30039,36448.0,38140.0,39713.0
30041,39678.0,42014.0,41194.0
30043,58241.0,56280.0,59105.0
30045,35631.0,37657.0,38878.0
30047,35558.0,37135.0,33021.0
30049,50889.0,52510.0,54096.0
30051,31851.0,35769.0,35414.0
30053,33908.0,33656.0,34764.0
30055,39062.0,39993.0,38345.0
30057,42174.0,42799.0,41367.0
30059,29026.0,35591.0,32643.0
30061,33333.0,33416.0,33935.0
30063,44084.0,42082.0,44320.0
30065,36188.0,37495.0,39474.0
30067,37835.0,42332.0,40399.0
30069,29656.0,31891.0,33613.0
30071,36144.0,37217.0,38913.0
30073,35091.0,37218.0,37441.0
30075,36550.0,38756.0,40396.0
30077,36872.0,37850.0,37323.0
30079,32963.0,35144.0,35991.0
30081,39409.0,39421.0,38445.0
30083,49444.0,55593.0,56492.0
30085,35141.0,33152.0,34278.0
30087,44683.0,45838.0,49212.0
30089,30710.0,30703.0,33598.0
30091,40974.0,44992.0,47842.0
30093,37851.0,39586.0,39835.0
30095,51830.0,49185.0,54994.0
30097,41211.0,40859.0,43193.0
30099,39076.0,39479.0,41236.0
30101,44175.0,38983.0,42057.0
30103,39931.0,42837.0,43082.0
30105,40522.0,46566.0,41694.0
30107,29187.0,28086.0,30385.0
30109,37508.0,38722.0,38892.0
30111,48059.0,47346.0,49405.0
31001,45149.0,46321.0,46902.0
31003,40652.0,44394.0,45135.0
31005,34804.0,37578.0,37847.0
31007,37151.0,29383.0,46509.0
31009,31119.0,35133.0,36945.0
31011,42265.0,46354.0,50722.0
31013,47640.0,50430.0,53635.0
31015,34564.0,36181.0,37835.0
31017,34659.0,38011.0,38907.0
31019,45307.0,50346.0,51959.0
31021,44360.0,46434.0,46553.0
31023,47490.0,53928.0,49880.0
31025,59392.0,60091.0,59962.0
31027,43923.0,48085.0,52102.0
31029,43271.0,45885.0,47787.0
31031,38977.0,39638.0,42043.0
31033,49417.0,49065.0,50466.0
31035,46199.0,47339.0,48370.0
31037,45039.0,45936.0,47756.0
31039,45234.0,47273.0,48122.0
31041,39801.0,40928.0,43425.0
31043,43351.0,47067.0,46582.0
31045,36333.0,38824.0,38196.0
31047,43899.0,43224.0,46818.0
31049,40325.0,40417.0,42152.0
31051,43505.0,46524.0,46124.0
31053,41435.0,46246.0,47367.0
31055,50270.0,51741.0,51189.0
31057,37071.0,40556.0,40294.0
31059,47551.0,48192.0,48438.0
31061,39516.0,41551.0,43406.0
31063,40359.0,50811.0,47799.0
31065,39234.0,39868.0,42517.0
31067,45169.0,45221.0,45588.0
31069,32677.0,36486.0,38142.0
31071,34998.0,36318.0,37292.0
31073,49286.0,48409.0,50931.0
31075,40151.0,40482.0,44298.0
31077,34968.0,37241.0,40744.0
31079,46807.0,45043.0,46641.0
31081,55535.0,58591.0,58433.0
31083,45732.0,44467.0,43882.0
31085,40125.0,43321.0,43003.0
31087,36329.0,39411.0,42059.0
31089,44835.0,42844.0,43861.0
31091,34687.0,38397.0,39140.0
31093,45091.0,45336.0,50518.0
31095,41131.0,42418.0,42186.0
31097,42038.0,43526.0,42970.0
31099,53293.0,53129.0,55422.0
31101,41493.0,40154.0,41303.0
31103,31764.0,35436.0,39179.0
31105,40455.0,40240.0,42545.0
31107,36806.0,39178.0,45180.0
31109,50197.0,49046.0,50478.0
31111,46616.0,49139.0,48141.0
31113,42257.0,46820.0,49227.0
31115,34805.0,37885.0,39143.0
31117,33950.0,38097.0,41244.0
31119,43491.0,46363.0,45822.0
31121,43244.0,50714.0,47236.0
31123,40465.0,42378.0,43513.0
31125,41950.0,42629.0,44501.0
31127,45292.0,44705.0,45033.0
31129,36985.0,36861.0,41892.0
31131,48980.0,48509.0,50907.0
31133,34294.0,37006.0,39684.0
31135,45820.0,50293.0,52339.0
31137,49532.0,51371.0,50879.0
31139,45521.0,51019.0,50194.0
31141,52031.0,51209.0,55607.0
31143,48665.0,51981.0,54850.0
31145,40830.0,44250.0,44591.0
31147,37980.0,37197.0,39760.0
31149,34679.0,37225.0,40764.0
31151,43489.0,47635.0,48762.0
31153,69501.0,65801.0,68118.0
31155,55070.0,56466.0,59831.0
31157,40088.0,41905.0,43554.0
31159,55507.0,58898.0,60642.0
31161,36228.0,37695.0,44613.0
31163,37852.0,40734.0,42043.0
31165,40362.0,38646.0,45099.0
31167,50352.0,48448.0,54152.0
31169,41488.0,44818.0,45023.0
31171,35901.0,41783.0,39612.0
31173,36343.0,38786.0,40266.0
31175,38036.0,40802.0,41737.0
31177,65554.0,68406.0,63817.0
31179,43061.0,46980.0,47240.0
31181,37647.0,39018.0,40250.0
31183,34357.0,38340.0,39980.0
31185,46247.0,47936.0,50110.0
32001,48235.0,50620.0,49463.0
32003,51427.0,48343.0,49583.0
32005,57176.0,54640.0,60869.0
32007,66210.0,62937.0,68759.0
32009,40929.0,40536.0,40517.0
32011,58391.0,58985.0,62864.0
32013,59960.0,61680.0,63772.0
32015,70176.0,64392.0,67424.0
32017,42637.0,42724.0,43617.0
32019,47108.0,44877.0,48035.0
32021,39940.0,39705.0,40308.0
32023,41054.0,41150.0,41426.0
32027,44684.0,46683.0,45192.0
32029,57763.0,54582.0,53471.0
32031,50839.0,50910.0,49449.0
32033,49376.0,52014.0,50417.0
32510,49386.0,50689.0,48227.0
33001,53851.0,55422.0,55033.0
33003,48236.0,45582.0,50495.0
33005,49126.0,53111.0,54819.0
33007,37708.0,37677.0,40162.0
33009,50834.0,51289.0,52532.0
33011,67650.0,66275.0,68150.0
33013,60932.0,64482.0,59186.0
33015,73402.0,75285.0,76285.0
33017,52527.0,54783.0,53575.0
33019,50549.0,47868.0,57444.0
34001,51457.0,49983.0,50881.0
34003,77059.0,79037.0,82001.0
34005,73788.0,72594.0,74285.0
34007,56939.0,57261.0,58572.0
34009,51585.0,52312.0,55175.0
34011,49964.0,49465.0,46491.0
34013,52288.0,51021.0,51019.0
34015,70012.0,70618.0,72248.0
34017,53547.0,55133.0,56087.0
34019,97532.0,99216.0,103301.0
34021,70228.0,71926.0,67662.0
34023,75890.0,73914.0,77044.0
34025,80462.0,79062.0,81190.0
34027,91403.0,91420.0,95236.0
34029,56924.0,56851.0,59022.0
34031,53363.0,52243.0,58073.0
34033,55274.0,53890.0,57939.0
34035,93777.0,95915.0,95574.0
34037,81330.0,82987.0,85036.0
34039,65937.0,65178.0,64698.0
34041,69658.0,66857.0,70560.0
35001,47405.0,44224.0,46200.0
35003,28427.0,37277.0,30257.0
35005,34681.0,35894.0,38008.0
35006,33782.0,33345.0,34783.0
35007,36468.0,33988.0,36620.0
35009,36085.0,38423.0,39472.0
35011,31442.0,30017.0,30895.0
35013,35584.0,36136.0,37230.0
35015,43240.0,46212.0,48001.0
35017,36756.0,34686.0,35842.0
35019,28402.0,29187.0,29659.0
35021,30941.0,32983.0,35249.0
35023,30280.0,30978.0,33230.0
35025,43171.0,46176.0,48028.0
35027,38623.0,40096.0,38896.0
35028,105987.0,110204.0,112115.0
35029,27257.0,27566.0,27852.0
35031,29473.0,29320.0,29821.0
35033,29321.0,28911.0,26455.0
35035,36628.0,35894.0,38764.0
35037,27856.0,29895.0,30557.0
35039,36570.0,37101.0,36900.0
35041,33068.0,34055.0,34781.0
35043,52778.0,53948.0,57376.0
35045,44155.0,46370.0,45901.0
35047,31762.0,31983.0,31285.0
35049,48507.0,50234.0,50716.0
35051,26240.0,28544.0,28029.0
35053,31254.0,31371.0,32809.0
35055,32940.0,32521.0,29637.0
35057,36588.0,33193.0,32952.0
35059,33195.0,33206.0,33570.0
35061,40552.0,41983.0,40159.0
36001,53783.0,56602.0,57951.0
36003,41384.0,39900.0,41623.0
36005,32674.0,32137.0,32510.0
36007,43920.0,43756.0,44709.0
36009,41266.0,39368.0,42822.0
36011,48453.0,47875.0,49412.0
36013,39981.0,40782.0,41194.0
36015,46130.0,47994.0,45193.0
36017,41418.0,40693.0,42747.0
36019,44193.0,49025.0,49198.0
36021,50620.0,53500.0,52891.0
36023,41903.0,44397.0,45781.0
36025,40252.0,38208.0,41195.0
36027,68831.0,67153.0,66677.0
36029,46773.0,47505.0,50370.0
36031,42053.0,45668.0,45676.0
36033,41062.0,40092.0,44697.0
36035,39939.0,46976.0,43918.0
36037,47387.0,45955.0,50476.0
36039,45070.0,45127.0,45773.0
36041,45474.0,43104.0,44957.0
36043,42876.0,40504.0,45137.0
36045,43448.0,45292.0,46008.0
36047,42047.0,42437.0,44850.0
36049,41093.0,44097.0,46952.0
36051,50094.0,50186.0,52549.0
36053,50270.0,49326.0,48220.0
36055,49564.0,50247.0,50811.0
36057,40035.0,40160.0,41034.0
36059,90294.0,91162.0,92543.0
36061,63188.0,65833.0,66739.0
36063,44006.0,45291.0,47548.0
36065,46409.0,45957.0,45973.0
36067,50298.0,53394.0,52362.0
36069,53137.0,52367.0,52774.0
36071,65512.0,65648.0,65761.0
36073,44783.0,43870.0,45329.0
36075,44371.0,43687.0,46487.0
36077,42837.0,43563.0,47318.0
36079,82585.0,87248.0,92950.0
36081,52486.0,53124.0,54373.0
36083,51720.0,57059.0,59237.0
36085,69163.0,69436.0,70295.0
36087,79798.0,80765.0,81517.0
36089,40008.0,42609.0,41640.0
36091,65508.0,64298.0,66677.0
36093,52062.0,52283.0,54654.0
36095,47350.0,49610.0,47581.0
36097,46870.0,45986.0,46983.0
36099,45961.0,45951.0,47297.0
36101,45231.0,43834.0,46110.0
36103,81235.0,83360.0,85717.0
36105,43882.0,46161.0,46102.0
36107,50043.0,51675.0,56891.0
36109,50156.0,49639.0,49159.0
36111,51194.0,54060.0,56832.0
36113,50269.0,50807.0,52692.0
36115,46629.0,48555.0,49964.0
36117,50213.0,51901.0,48991.0
36119,76993.0,76728.0,77166.0
36121,46846.0,50192.0,48470.0
36123,43820.0,44776.0,43789.0
37001,41519.0,41371.0,41394.0
37003,40441.0,39812.0,39655.0
37005,32210.0,32673.0,34046.0
37007,32268.0,32341.0,32339.0
37009,31965.0,34333.0,34080.0
37011,35568.0,36071.0,34727.0
37013,38194.0,38248.0,38256.0
37015,30586.0,29615.0,30414.0
37017,31637.0,33138.0,32766.0
37019,44186.0,42685.0,48624.0
37021,42846.0,41551.0,43146.0
37023,38541.0,37719.0,38581.0
37025,49355.0,50298.0,55531.0
37027,36860.0,34876.0,35127.0
37029,59522.0,57113.0,53563.0
37031,43356.0,45507.0,48930.0
37033,37115.0,38495.0,39615.0
37035,41782.0,44339.0,42080.0
37037,53958.0,53564.0,55371.0
37039,32963.0,32913.0,31370.0
37041,36176.0,36231.0,37458.0
37043,35314.0,35143.0,36871.0
37045,38392.0,37390.0,38265.0
37047,32518.0,31282.0,33765.0
37049,41791.0,47291.0,47087.0
37051,43356.0,43863.0,45110.0
37053,53939.0,55665.0,54822.0
37055,50203.0,50393.0,51900.0
37057,40618.0,41631.0,43824.0
37059,46957.0,50110.0,49984.0
37061,34672.0,35587.0,36075.0
37063,48023.0,47007.0,50889.0
37065,33146.0,32901.0,32002.0
37067,44443.0,43804.0,43049.0
37069,45592.0,42269.0,42346.0
37071,40332.0,40969.0,41614.0
37073,43010.0,41437.0,44273.0
37075,31863.0,33041.0,32883.0
37077,45828.0,48596.0,46303.0
37079,38428.0,35013.0,35050.0
37081,42415.0,44229.0,43299.0
37083,30861.0,31084.0,31253.0
37085,40956.0,40617.0,44998.0
37087,39987.0,40114.0,40022.0
37089,43589.0,46165.0,45168.0
37091,32410.0,31581.0,31861.0
37093,43679.0,42908.0,44717.0
37095,35206.0,35810.0,35301.0
37097,46576.0,49902.0,49666.0
37099,36741.0,37388.0,37049.0
37101,46922.0,48380.0,48773.0
37103,38578.0,38230.0,35159.0
37105,41999.0,41506.0,43424.0
37107,36455.0,32602.0,35634.0
37109,45332.0,50746.0,47799.0
37111,34383.0,35627.0,36584.0
37113,36229.0,36953.0,36438.0
37115,36158.0,36724.0,37644.0
37117,34814.0,33305.0,33159.0
37119,52363.0,52111.0,55392.0
37121,35032.0,35322.0,36210.0
37123,34608.0,30684.0,35272.0
37125,47705.0,47301.0,49670.0
37127,42315.0,43151.0,40937.0
37129,46129.0,45890.0,50890.0
37131,32168.0,31668.0,31217.0
37133,41969.0,45434.0,44263.0
37135,51434.0,56792.0,53026.0
37137,41442.0,41325.0,41004.0
37139,39381.0,40261.0,43935.0
37141,43573.0,44171.0,43318.0
37143,40772.0,39112.0,42494.0
37145,42621.0,42303.0,42546.0
37147,39519.0,39713.0,39343.0
37149,44756.0,41851.0,41719.0
37151,39648.0,40749.0,41815.0
37153,31568.0,32932.0,30726.0
37155,30627.0,30931.0,29965.0
37157,38063.0,36746.0,37577.0
37159,38658.0,40267.0,40400.0
37161,35057.0,35208.0,34193.0
37163,37047.0,36471.0,37420.0
37165,31805.0,32999.0,31704.0
37167,42854.0,38301.0,42816.0
37169,43178.0,42147.0,42272.0
37171,36622.0,35269.0,36934.0
37173,36109.0,36167.0,36280.0
37175,40652.0,41578.0,40642.0
37177,31732.0,33430.0,30728.0
37179,64486.0,61515.0,61260.0
37181,34000.0,33377.0,34371.0
37183,61594.0,62436.0,64107.0
37185,32574.0,33218.0,33068.0
37187,33293.0,33278.0,32545.0
37189,38923.0,39168.0,38563.0
37191,40274.0,39089.0,38776.0
37193,34886.0,34954.0,35362.0
37195,36645.0,37166.0,37440.0
37197,41095.0,40983.0,40012.0
37199,36934.0,36440.0,36019.0
38001,40082.0,43836.0,45829.0
38003,45884.0,47839.0,50820.0
38005,32884.0,38299.0,36435.0
38007,50921.0,60506.0,65346.0
38009,48504.0,52360.0,50756.0
38011,49656.0,56721.0,56238.0
38013,49575.0,49481.0,53347.0
38015,55565.0,57519.0,62104.0
38017,50932.0,52444.0,51995.0
38019,47456.0,50572.0,56685.0
38021,42517.0,47501.0,50978.0
38023,48992.0,51219.0,53885.0
38025,49682.0,55353.0,62424.0
38027,39557.0,43249.0,42908.0
38029,36823.0,40749.0,42018.0
38031,46599.0,49333.0,49499.0
38033,38425.0,44706.0,44583.0
38035,45258.0,45541.0,44376.0
38037,33842.0,35744.0,38524.0
38039,42126.0,45283.0,45679.0
38041,42943.0,46793.0,48179.0
38043,34978.0,39857.0,40749.0
38045,50019.0,52242.0,55359.0
38047,38380.0,40760.0,45334.0
38049,40157.0,44981.0,44266.0
38051,34285.0,36642.0,40068.0
38053,51641.0,59000.0,67995.0
38055,52457.0,50902.0,52584.0
38057,63921.0,67449.0,64477.0
38059,49798.0,58330.0,54909.0
38061,49694.0,52930.0,59583.0
38063,41291.0,43426.0,46292.0
38065,55742.0,59262.0,60116.0
38067,48378.0,54584.0,48649.0
38069,38030.0,41419.0,43499.0
38071,44795.0,46624.0,50457.0
38073,48302.0,51812.0,51628.0
38075,56123.0,52982.0,55232.0
38077,48821.0,51860.0,55420.0
38079,31725.0,33024.0,36158.0
38081,49830.0,58138.0,56119.0
38083,35771.0,40593.0,39505.0
38085,28338.0,30271.0,31337.0
38087,47210.0,52493.0,52645.0
38089,49736.0,55492.0,63886.0
38091,52558.0,54695.0,57257.0
38093,46466.0,49519.0,46485.0
38095,47502.0,52376.0,52033.0
38097,50061.0,53388.0,51218.0
38099,46938.0,46802.0,47425.0
38101,46952.0,53157.0,56647.0
38103,42540.0,47328.0,48422.0
38105,56689.0,67492.0,79265.0
39001,33549.0,34778.0,34955.0
39003,41196.0,41453.0,42173.0
39005,41734.0,44950.0,44748.0
39007,38762.0,38683.0,37811.0
39009,35557.0,33943.0,33950.0
39011,50103.0,51130.0,51769.0
39013,37913.0,40300.0,42176.0
39015,41892.0,43181.0,44209.0
39017,54359.0,53275.0,55599.0
39019,39414.0,40896.0,42540.0
39021,46577.0,48063.0,48826.0
39023,40524.0,41704.0,40783.0
39025,56628.0,55963.0,54179.0
39027,44324.0,44905.0,42640.0
39029,36985.0,42091.0,42782.0
39031,37227.0,40282.0,42035.0
39033,39467.0,39679.0,40493.0
39035,41407.0,41609.0,41954.0
39037,42023.0,42065.0,44554.0
39039,45792.0,49360.0,46382.0
39041,85628.0,86980.0,87470.0
39043,43935.0,46613.0,46307.0
39045,55805.0,58829.0,58884.0
39047,40250.0,36684.0,42100.0
39049,47621.0,47174.0,50053.0
39051,49909.0,49038.0,50658.0
39053,37923.0,36441.0,38397.0
39055,63172.0,66088.0,69214.0
39057,52056.0,56683.0,54038.0
39059,35654.0,36348.0,38353.0
39061,46359.0,46125.0,46952.0
39063,49918.0,48258.0,49866.0
39065,40710.0,37914.0,42023.0
39067,36074.0,37057.0,39801.0
39069,46136.0,48859.0,51036.0
39071,38643.0,36865.0,38847.0
39073,40017.0,42491.0,38927.0
39075,39917.0,45893.0,43624.0
39077,44632.0,48196.0,46303.0
39079,36791.0,39144.0,37020.0
39081,36800.0,41103.0,40114.0
39083,46937.0,50929.0,44133.0
39085,52854.0,53016.0,55149.0
39087,36551.0,37666.0,38790.0
39089,51247.0,54298.0,52678.0
39091,44436.0,48011.0,45397.0
39093,50092.0,48733.0,49758.0
39095,39200.0,38798.0,40759.0
39097,48295.0,54107.0,53445.0
39099,38205.0,39447.0,39982.0
39101,41314.0,42141.0,43315.0
39103,63582.0,60527.0,65670.0
39105,33194.0,33520.0,34978.0
39107,48521.0,47994.0,52060.0
39109,49195.0,48103.0,52622.0
39111,38015.0,39007.0,42902.0
39113,40885.0,41001.0,42859.0
39115,35634.0,35173.0,35748.0
39117,47080.0,47431.0,50904.0
39119,40485.0,38652.0,39814.0
39121,38013.0,41151.0,40405.0
39123,50707.0,51641.0,51216.0
39125,43791.0,41946.0,44453.0
39127,39387.0,39383.0,40590.0
39129,49926.0,52161.0,54540.0
39131,35051.0,37802.0,36819.0
39133,49287.0,49712.0,52249.0
39135,47615.0,45920.0,46298.0
39137,53920.0,57039.0,57079.0
39139,41462.0,40424.0,41772.0
39141,41318.0,43118.0,43285.0
39143,44346.0,44016.0,46274.0
39145,35860.0,31987.0,36379.0
39147,42642.0,38349.0,43899.0
39149,46062.0,53028.0,53390.0
39151,42805.0,42190.0,45626.0
39153,45768.0,46595.0,48836.0
39155,40389.0,40913.0,41253.0
39157,39580.0,41857.0,43546.0
39159,63233.0,64403.0,63378.0
39161,44338.0,46717.0,45024.0
39163,34977.0,35298.0,36432.0
39165,67172.0,70245.0,73598.0
39167,41231.0,42211.0,41747.0
39169,46157.0,46842.0,47859.0
39171,41791.0,40856.0,42418.0
39173,49344.0,50624.0,50534.0
39175,43753.0,45555.0,46327.0
40001,30190.0,31680.0,31544.0
40003,35615.0,38852.0,43892.0
40005,33304.0,34673.0,36614.0
40007,48158.0,49683.0,52134.0
40009,41277.0,43565.0,50342.0
40011,44558.0,37882.0,40797.0
40013,36925.0,34276.0,37157.0
40015,36077.0,38583.0,34246.0
40017,57018.0,60225.0,62984.0
40019,37316.0,40122.0,45787.0
40021,33393.0,34968.0,35482.0
40023,29476.0,28598.0,30115.0
40025,36183.0,38572.0,39376.0
40027,51468.0,51900.0,54036.0
40029,33472.0,35475.0,33185.0
40031,43394.0,44286.0,44726.0
40033,39941.0,38129.0,38044.0
40035,36407.0,36996.0,37586.0
40037,41331.0,41000.0,44130.0
40039,40741.0,41678.0,44842.0
40041,32878.0,35936.0,36765.0
40043,39731.0,41124.0,45763.0
40045,40851.0,42728.0,49545.0
40047,38827.0,42800.0,45370.0
40049,37689.0,37878.0,37980.0
40051,44036.0,45688.0,47619.0
40053,37938.0,40691.0,45138.0
40055,33199.0,34350.0,33761.0
40057,28914.0,30329.0,28570.0
40059,41437.0,43198.0,47375.0
40061,32551.0,33309.0,32746.0
40063,30699.0,30888.0,30949.0
40065,39565.0,40129.0,40024.0
40067,29992.0,30755.0,31684.0
40069,32247.0,35713.0,36135.0
40071,38775.0,39152.0,39591.0
40073,48255.0,53050.0,53332.0
40075,31850.0,35977.0,36329.0
40077,35306.0,35660.0,35649.0
40079,33624.0,34131.0,32778.0
40081,40076.0,38058.0,44149.0
40083,49006.0,48346.0,51642.0
40085,41784.0,40853.0,43083.0
40087,51767.0,54633.0,54495.0
40089,30708.0,29614.0,30712.0
40091,33771.0,32487.0,33031.0
40093,44736.0,45374.0,49718.0
40095,34924.0,35610.0,36096.0
40097,40253.0,40229.0,38724.0
40099,39629.0,39914.0,42510.0
40101,38528.0,35443.0,37103.0
40103,41580.0,43416.0,43922.0
40105,38040.0,38453.0,38497.0
40107,31423.0,31150.0,31556.0
40109,42758.0,43101.0,43623.0
40111,36119.0,35226.0,38216.0
40113,41589.0,43170.0,44528.0
40115,34998.0,34431.0,34581.0
40117,38550.0,41938.0,44198.0
40119,36874.0,37075.0,37874.0
40121,38154.0,41712.0,40080.0
40123,38514.0,40378.0,37492.0
40125,38259.0,41520.0,42255.0
40127,30070.0,30190.0,30604.0
40129,44595.0,50761.0,49443.0
40131,56107.0,54974.0,56547.0
40133,33080.0,32976.0,33940.0
40135,35250.0,36080.0,34195.0
40137,40996.0,43765.0,43405.0
40139,44313.0,44550.0,45199.0
40141,30364.0,32122.0,32382.0
40143,44231.0,46497.0,47371.0
40145,56216.0,52717.0,54839.0
40147,45957.0,47645.0,48851.0
40149,40523.0,45374.0,43590.0
40151,37981.0,38688.0,49416.0
40153,48584.0,48420.0,49070.0
41001,37868.0,36877.0,37025.0
41003,49156.0,46272.0,51890.0
41005,57960.0,58496.0,64231.0
41007,44234.0,43544.0,43202.0
41009,50707.0,55646.0,53250.0
41011,36216.0,36567.0,36057.0
41013,39867.0,37473.0,41232.0
41015,36994.0,39958.0,34854.0
41017,46631.0,47924.0,48591.0
41019,36991.0,38196.0,39399.0
41021,45827.0,49378.0,49735.0
41023,36792.0,37191.0,37177.0
41025,36441.0,35141.0,35848.0
41027,49490.0,48516.0,53023.0
41029,40603.0,40013.0,44392.0
41031,40888.0,40910.0,41426.0
41033,36102.0,36269.0,35109.0
41035,37370.0,36765.0,38193.0
41037,36167.0,35517.0,38668.0
41039,40545.0,40689.0,41123.0
41041,38302.0,40507.0,39738.0
41043,43019.0,42836.0,43837.0
41045,32412.0,36039.0,33994.0
41047,44725.0,44275.0,45631.0
41049,45652.0,46902.0,50246.0
41051,48018.0,46989.0,51580.0
41053,49504.0,52277.0,49636.0
41055,49295.0,52263.0,52251.0
41057,40797.0,41246.0,43558.0
41059,43691.0,43231.0,46725.0
41061,41192.0,41510.0,41504.0
41063,38522.0,38486.0,40554.0
41065,41711.0,41144.0,41324.0
41067,60555.0,62463.0,63566.0
41069,31983.0,32491.0,33973.0
41071,50288.0,52103.0,49656.0
42001,54415.0,54460.0,57919.0
42003,47490.0,49682.0,50831.0
42005,42711.0,41934.0,41796.0
42007,44020.0,48140.0,46933.0
42009,38548.0,40240.0,42055.0
42011,51631.0,52168.0,52058.0
42013,41095.0,42488.0,41154.0
42015,43060.0,44265.0,47475.0
42017,70960.0,70735.0,75378.0
42019,54363.0,54888.0,57346.0
42021,40494.0,39892.0,39724.0
42023,36278.0,38451.0,39346.0
42025,45698.0,44062.0,48313.0
42027,45154.0,47222.0,50088.0
42029,83829.0,79508.0,82456.0
42031,37740.0,41423.0,41538.0
42033,37025.0,41408.0,41519.0
42035,38423.0,40281.0,41949.0
42037,41898.0,40704.0,45038.0
42039,38302.0,40775.0,41756.0
42041,56288.0,58722.0,57982.0
42043,51670.0,51668.0,52096.0
42045,59038.0,59978.0,60900.0
42047,42750.0,43181.0,48703.0
42049,42341.0,41951.0,45935.0
42051,35442.0,36300.0,38740.0
42053,34736.0,32852.0,34693.0
42055,49541.0,49545.0,51890.0
42057,43947.0,44287.0,46848.0
42059,41927.0,42049.0,42819.0
42061,40947.0,41923.0,43456.0
42063,40538.0,41707.0,42614.0
42065,37911.0,39051.0,40876.0
42067,45810.0,44865.0,42261.0
42069,42081.0,43886.0,43002.0
42071,51784.0,53408.0,54748.0
42073,39047.0,41447.0,43346.0
42075,51142.0,53625.0,51490.0
42077,51426.0,50737.0,53457.0
42079,41745.0,42584.0,42244.0
42081,40825.0,42163.0,45306.0
42083,39679.0,40338.0,40621.0
42085,40244.0,41535.0,41889.0
42087,37163.0,38544.0,38220.0
42089,54111.0,52505.0,55492.0
42091,75369.0,76172.0,76924.0
42093,47518.0,48800.0,52625.0
42095,56369.0,57284.0,55483.0
42097,36503.0,39834.0,40814.0
42099,51390.0,52788.0,55287.0
42101,34667.0,34433.0,35518.0
42103,54674.0,56070.0,55159.0
42105,40472.0,40599.0,42097.0
42107,40384.0,45549.0,44430.0
42109,42016.0,45460.0,45746.0
42111,39542.0,39042.0,44184.0
42113,34026.0,38608.0,39396.0
42115,43583.0,46814.0,44632.0
42117,40651.0,41010.0,43719.0
42119,44997.0,46992.0,49327.0
42121,39351.0,39608.0,38351.0
42123,41008.0,40940.0,44466.0
42125,47823.0,52384.0,53545.0
42127,43627.0,47824.0,44265.0
42129,46468.0,46630.0,49642.0
42131,46899.0,49011.0,47497.0
42133,55960.0,55521.0,55646.0
44001,60631.0,68483.0,64572.0
44003,54665.0,59880.0,59682.0
44005,67431.0,65755.0,63434.0
44007,45572.0,46385.0,47601.0
44009,67195.0,68539.0,69150.0
45001,34658.0,36787.0,35456.0
45003,43196.0,42826.0,45699.0
45005,24615.0,24820.0,25633.0
45007,38851.0,41000.0,39905.0
45009,29101.0,28467.0,30170.0
45011,30898.0,33178.0,32042.0
45013,55266.0,55018.0,54139.0
45015,49284.0,49516.0,49872.0
45017,37507.0,38417.0,42006.0
45019,46187.0,49432.0,48200.0
45021,35223.0,36400.0,37135.0
45023,34908.0,32857.0,33718.0
45025,32483.0,30378.0,31936.0
45027,30913.0,30780.0,30519.0
45029,32446.0,32963.0,33208.0
45031,33772.0,36248.0,34103.0
45033,28665.0,26308.0,29205.0
45035,51132.0,51332.0,53924.0
45037,41501.0,42289.0,42065.0
45039,32261.0,34700.0,34007.0
45041,38914.0,39663.0,40577.0
45043,38340.0,40864.0,40962.0
45045,45666.0,48480.0,47044.0
45047,35619.0,37038.0,37187.0
45049,33367.0,31915.0,32934.0
45051,40697.0,38807.0,40249.0
45053,35533.0,34927.0,35692.0
45055,42174.0,41055.0,46019.0
45057,38312.0,40372.0,43479.0
45059,36345.0,35839.0,36483.0
45061,29756.0,28733.0,30053.0
45063,51523.0,50738.0,52249.0
45065,34963.0,35209.0,39413.0
45067,27917.0,27726.0,29140.0
45069,28630.0,28662.0,28927.0
45071,39054.0,38024.0,38808.0
45073,42671.0,42142.0,42062.0
45075,32699.0,31605.0,33796.0
45077,40110.0,40221.0,39823.0
45079,45944.0,45182.0,47606.0
45081,39570.0,39689.0,41552.0
45083,41888.0,40687.0,41327.0
45085,36554.0,40858.0,39014.0
45087,34125.0,33981.0,32717.0
45089,28083.0,27750.0,28121.0
45091,51403.0,51017.0,51427.0
46003,43934.0,45615.0,46581.0
46005,39504.0,43803.0,46072.0
46007,31183.0,31712.0,33784.0
46009,41580.0,41711.0,41217.0
46011,48290.0,48233.0,49554.0
46013,47803.0,50115.0,52239.0
46015,42604.0,45265.0,47417.0
46017,20577.0,21269.0,25179.0
46019,38767.0,39615.0,41328.0
46021,38767.0,40855.0,46053.0
46023,35122.0,37448.0,37422.0
46025,42413.0,43496.0,47901.0
46027,40492.0,39870.0,38484.0
46029,44999.0,47282.0,47400.0
46031,27233.0,28770.0,31312.0
46033,46565.0,49649.0,49902.0
46035,40972.0,47100.0,48941.0
46037,37186.0,39223.0,41634.0
46039,45772.0,45700.0,48946.0
46041,31374.0,33902.0,33976.0
46043,42472.0,46224.0,49476.0
46045,48588.0,49467.0,55098.0
46047,36993.0,39444.0,38397.0
46049,42633.0,43030.0,46371.0
46051,45436.0,47131.0,47740.0
46053,31962.0,33991.0,35483.0
46055,38900.0,44653.0,44826.0
46057,49091.0,50864.0,52404.0
46059,43683.0,41975.0,50424.0
46061,53987.0,57519.0,60052.0
46063,37407.0,42575.0,48342.0
46065,54989.0,60677.0,55273.0
46067,41592.0,46309.0,45791.0
46069,38926.0,44997.0,50469.0
46071,30499.0,31854.0,38582.0
46073,37924.0,47433.0,45494.0
46075,38019.0,40171.0,44491.0
46077,47775.0,46244.0,48628.0
46079,46388.0,49893.0,50089.0
46081,45424.0,42495.0,42927.0
46083,74100.0,76907.0,78360.0
46085,39774.0,37914.0,40874.0
46087,44915.0,51365.0,49638.0
46089,35675.0,35473.0,38211.0
46091,40437.0,44849.0,47765.0
46093,48120.0,50985.0,51427.0
46095,30003.0,30170.0,32164.0
46097,45947.0,44316.0,46311.0
46099,49954.0,51431.0,48932.0
46101,47162.0,50307.0,51945.0
46103,45999.0,48083.0,49033.0
46105,31033.0,37919.0,38695.0
46107,44502.0,45851.0,47805.0
46109,39057.0,41407.0,40759.0
46111,43361.0,47141.0,44800.0
46113,27307.0,27200.0,28406.0
46115,44272.0,44455.0,48823.0
46117,50944.0,53986.0,54512.0
46119,48026.0,55194.0,56221.0
46121,26393.0,26639.0,28943.0
46123,36390.0,38360.0,41905.0
46125,47912.0,50469.0,52447.0
46127,65142.0,66242.0,64772.0
46129,37506.0,39920.0,40622.0
46135,45297.0,48147.0,48284.0
46137,25669.0,28350.0,30856.0
47001,45917.0,41694.0,41038.0
47003,39057.0,39552.0,41726.0
47005,32346.0,32527.0,33560.0
47007,33366.0,33500.0,32591.0
47009,41736.0,45539.0,46100.0
47011,38558.0,38667.0,39821.0
47013,31699.0,29044.0,32895.0
47015,36246.0,36959.0,39262.0
47017,34566.0,34979.0,35591.0
47019,31145.0,33772.0,33094.0
47021,51106.0,50225.0,51557.0
47023,39492.0,38749.0,40064.0
47025,29227.0,34454.0,33022.0
47027,28014.0,27978.0,29052.0
47029,28832.0,30092.0,30141.0
47031,39321.0,35571.0,41328.0
47033,37945.0,34474.0,35838.0
47035,36214.0,35873.0,39522.0
47037,43825.0,43893.0,44864.0
47039,35134.0,34400.0,37167.0
47041,35726.0,37136.0,35688.0
47043,43353.0,43019.0,43501.0
47045,36735.0,37766.0,38121.0
47047,53935.0,49760.0,52163.0
47049,29088.0,28666.0,28388.0
47051,40247.0,39935.0,42066.0
47053,35711.0,36365.0,35807.0
47055,35466.0,39916.0,38251.0
47057,33291.0,34077.0,35278.0
47059,34649.0,32880.0,34964.0
47061,27494.0,27428.0,27915.0
47063,38711.0,35630.0,36787.0
47065,44132.0,42609.0,47369.0
47067,24891.0,25297.0,25301.0
47069,31747.0,31437.0,32556.0
47071,31883.0,31281.0,35154.0
47073,37164.0,37095.0,36318.0
47075,34310.0,32422.0,32614.0
47077,36347.0,36392.0,36983.0
47079,36247.0,35270.0,35892.0
47081,35948.0,35094.0,36356.0
47083,35739.0,36858.0,37311.0
47085,38300.0,43987.0,42056.0
47087,31093.0,31903.0,32013.0
47089,37279.0,38174.0,39970.0
47091,29219.0,30897.0,30020.0
47093,44074.0,45149.0,46325.0
47095,27142.0,26587.0,26445.0
47097,32741.0,31770.0,31672.0
47099,34637.0,33963.0,36536.0
47101,33495.0,31877.0,35062.0
47103,41022.0,39246.0,42178.0
47105,47206.0,50375.0,49616.0
47107,38183.0,37319.0,37502.0
47109,33139.0,33738.0,33110.0
47111,33036.0,34262.0,35341.0
47113,40670.0,39510.0,42488.0
47115,37672.0,40136.0,39170.0
47117,40052.0,40214.0,41455.0
47119,45445.0,42569.0,43346.0
47121,36584.0,37129.0,36361.0
47123,35833.0,32720.0,37850.0
47125,47258.0,47684.0,48267.0
47127,45066.0,48229.0,47091.0
47129,35322.0,35266.0,36170.0
47131,38530.0,38429.0,38718.0
47133,33230.0,32308.0,33220.0
47135,31486.0,31505.0,31493.0
47137,30016.0,31518.0,32023.0
47139,35083.0,35628.0,36595.0
47141,35225.0,35053.0,34060.0
47143,36308.0,34920.0,40682.0
47145,42620.0,42542.0,41499.0
47147,51074.0,48179.0,54065.0
47149,51815.0,52586.0,53566.0
47151,29792.0,29882.0,29556.0
47153,38082.0,38008.0,38695.0
47155,39349.0,40353.0,42490.0
47157,43859.0,44051.0,44382.0
47159,39330.0,42182.0,42927.0
47161,40329.0,40508.0,41685.0
47163,36337.0,39564.0,38647.0
47165,48502.0,52704.0,55100.0
47167,47824.0,50401.0,51246.0
47169,35824.0,38541.0,41823.0
47171,35976.0,33522.0,36786.0
47173,32533.0,35740.0,33866.0
47175,31455.0,32896.0,35201.0
47177,33265.0,32823.0,33576.0
47179,41702.0,41358.0,42371.0
47181,32334.0,29883.0,32016.0
47183,34782.0,34457.0,37595.0
47185,33251.0,33094.0,34534.0
47187,82273.0,90207.0,93003.0
47189,56270.0,59769.0,57676.0
48001,40482.0,38558.0,41530.0
48003,51339.0,52865.0,57690.0
48005,38954.0,39169.0,39747.0
48007,38516.0,38887.0,40883.0
48009,51895.0,52318.0,55459.0
48011,48738.0,49501.0,50040.0
48013,42439.0,41236.0,44828.0
48015,50154.0,48209.0,51448.0
48017,35476.0,35816.0,38504.0
48019,46678.0,46652.0,48492.0
48021,49812.0,51947.0,50024.0
48023,32111.0,32208.0,33164.0
48025,36462.0,36048.0,39070.0
48027,49338.0,45797.0,48391.0
48029,47724.0,46589.0,49651.0
48031,46981.0,54000.0,52668.0
48033,47938.0,51426.0,58489.0
48035,40732.0,41361.0,40763.0
48037,42272.0,43364.0,40574.0
48039,64242.0,62180.0,64883.0
48041,37468.0,37623.0,40064.0
48043,37200.0,43896.0,39235.0
48045,35931.0,38372.0,35983.0
48047,26027.0,24567.0,26857.0
48049,37512.0,38466.0,43303.0
48051,41273.0,42025.0,43561.0
48053,49195.0,44636.0,49685.0
48055,41749.0,40721.0,42963.0
48057,42745.0,43339.0,44736.0
48059,40614.0,43074.0,41874.0
48061,31624.0,31902.0,31080.0
48063,37704.0,36393.0,37232.0
48065,51311.0,55250.0,53302.0
48067,34556.0,36061.0,36172.0
48069,35973.0,38175.0,40710.0
48071,69491.0,69378.0,73031.0
48073,34910.0,35119.0,35202.0
48075,35171.0,33780.0,34731.0
48077,47434.0,48358.0,51960.0
48079,35496.0,38276.0,35652.0
48081,35754.0,37441.0,37891.0
48083,30637.0,31865.0,32231.0
48085,77862.0,82765.0,81992.0
48087,32949.0,34634.0,35484.0
48089,41395.0,42451.0,40702.0
48091,61573.0,59754.0,59081.0
48093,34878.0,35296.0,36522.0
48095,33711.0,35514.0,37147.0
48097,45428.0,49127.0,51473.0
48099,45431.0,47864.0,46132.0
48101,31892.0,32656.0,30660.0
48103,50356.0,49831.0,55599.0
48105,42329.0,44331.0,46713.0
48107,33332.0,32661.0,36492.0
48109,30666.0,31186.0,31430.0
48111,37454.0,43454.0,40312.0
48113,46909.0,47335.0,47343.0
48115,33938.0,37492.0,36312.0
48117,36638.0,36073.0,39481.0
48119,36193.0,34968.0,37515.0
48121,68671.0,70243.0,71338.0
48123,36611.0,38620.0,40515.0
48125,32669.0,32925.0,32829.0
48127,29685.0,30503.0,33342.0
48129,34967.0,34606.0,35081.0
48131,30365.0,31294.0,33223.0
48133,32913.0,36761.0,37916.0
48135,42339.0,47930.0,49784.0
48137,32643.0,33102.0,34388.0
48139,57929.0,60931.0,58016.0
48141,36064.0,39116.0,40092.0
48143,38068.0,38860.0,38636.0
48145,30576.0,33125.0,34388.0
48147,40891.0,39985.0,43183.0
48149,45123.0,44862.0,46907.0
48151,35794.0,38717.0,38963.0
48153,33345.0,35399.0,34503.0
48155,31479.0,30488.0,32041.0
48157,76758.0,82147.0,86037.0
48159,40579.0,40936.0,40892.0
48161,42266.0,44564.0,45402.0
48163,30820.0,31996.0,32276.0
48165,39111.0,43703.0,46659.0
48167,57124.0,58106.0,59588.0
48169,38400.0,39004.0,39988.0
48171,47216.0,51981.0,51132.0
48173,54354.0,59309.0,55394.0
48175,42646.0,43737.0,46400.0
48177,34166.0,36408.0,36006.0
48179,42701.0,41488.0,43131.0
48181,44356.0,44080.0,46127.0
48183,41623.0,43356.0,43321.0
48185,39959.0,41981.0,42674.0
48187,58799.0,57576.0,62141.0
48189,35640.0,36142.0,40118.0
48191,29302.0,30376.0,28656.0
48193,38179.0,37936.0,37386.0
48195,43338.0,50505.0,51038.0
48197,33640.0,34294.0,34601.0
48199,49556.0,52514.0,52318.0
48201,50437.0,50924.0,51298.0
48203,44506.0,44427.0,44958.0
48205,57589.0,60548.0,61498.0
48207,30845.0,32493.0,31505.0
48209,57051.0,56557.0,55819.0
48211,55391.0,58502.0,60499.0
48213,37137.0,38191.0,38017.0
48215,33070.0,31021.0,33393.0
48217,38583.0,39184.0,37610.0
48219,40334.0,42710.0,46010.0
48221,52633.0,48622.0,56591.0
48223,40446.0,40441.0,40228.0
48225,33198.0,31892.0,33650.0
48227,39022.0,41125.0,42256.0
48229,26993.0,28624.0,30043.0
48231,41841.0,47394.0,42821.0
48233,46035.0,49038.0,50752.0
48235,52857.0,54628.0,57551.0
48237,41510.0,45069.0,44064.0
48239,42097.0,43740.0,45363.0
48241,37495.0,38260.0,39219.0
48243,46122.0,48161.0,43065.0
48245,39756.0,41363.0,41207.0
48247,34077.0,32179.0,34546.0
48249,36404.0,39120.0,43696.0
48251,52360.0,54412.0,56659.0
48253,35193.0,35709.0,38066.0
48255,34970.0,35904.0,37292.0
48257,56899.0,59986.0,55044.0
48259,68301.0,71388.0,68975.0
48261,33502.0,34851.0,36236.0
48263,37318.0,42829.0,38627.0
48265,42064.0,45621.0,40919.0
48267,36126.0,35867.0,38378.0
48269,48003.0,51237.0,53263.0
48271,35725.0,37917.0,38870.0
48273,37418.0,36198.0,39237.0
48275,31054.0,33395.0,33182.0
48277,38852.0,38685.0,37943.0
48279,34251.0,34524.0,34505.0
48281,47772.0,47135.0,48442.0
48283,28834.0,29938.0,32001.0
48285,39468.0,44186.0,41606.0
48287,45661.0,44411.0,49906.0
48289,40847.0,43545.0,42201.0
48291,46770.0,45712.0,48441.0
48293,37438.0,36887.0,36496.0
48295,46347.0,52256.0,51003.0
48297,39091.0,41601.0,44573.0
48299,40102.0,42282.0,44316.0
48301,50188.0,46204.0,41252.0
48303,41757.0,42978.0,41555.0
48305,36145.0,36530.0,34852.0
48307,32469.0,35775.0,36483.0
48309,39620.0,40563.0,40855.0
48311,44541.0,46528.0,49866.0
48313,35189.0,35218.0,36579.0
48315,32173.0,31922.0,33330.0
48317,44863.0,46680.0,47358.0
48319,38802.0,39080.0,42128.0
48321,39874.0,40778.0,40860.0
48323,27710.0,28502.0,31313.0
48325,47099.0,47191.0,51345.0
48327,30277.0,30349.0,31608.0
48329,53482.0,54996.0,61268.0
48331,36799.0,38244.0,38715.0
48333,36108.0,39185.0,39396.0
48335,34877.0,36724.0,37395.0
48337,42415.0,44768.0,45996.0
48339,65483.0,61996.0,65874.0
48341,44680.0,45795.0,47445.0
48343,34451.0,35972.0,35294.0
48345,35672.0,34852.0,36772.0
48347,35854.0,38046.0,35183.0
48349,37864.0,38057.0,40624.0
48351,36429.0,36492.0,35830.0
48353,33981.0,34920.0,34941.0
48355,41899.0,43470.0,48066.0
48357,50979.0,52866.0,55700.0
48359,43739.0,46597.0,49048.0
48361,45264.0,44758.0,49238.0
48363,39595.0,34574.0,40817.0
48365,48621.0,45212.0,50916.0
48367,57092.0,63584.0,63720.0
48369,38619.0,39195.0,44256.0
48371,39118.0,42984.0,42378.0
48373,38747.0,37665.0,40254.0
48375,35323.0,35690.0,35754.0
48377,30357.0,31297.0,32861.0
48379,40966.0,40595.0,41349.0
48381,57862.0,57402.0,56716.0
48383,48667.0,47493.0,56680.0
48385,31490.0,30499.0,33598.0
48387,32128.0,32615.0,33153.0
48389,32623.0,32839.0,34431.0
48391,39582.0,38470.0,40970.0
48393,58372.0,59699.0,60857.0
48395,36935.0,38073.0,39771.0
48397,81113.0,84763.0,85164.0
48399,32628.0,34515.0,35593.0
48401,43318.0,41840.0,44478.0
48403,34034.0,34605.0,35805.0
48405,31729.0,32543.0,31714.0
48407,42770.0,41650.0,42160.0
48409,44307.0,45965.0,48287.0
48411,34264.0,35978.0,37107.0
48413,32831.0,41533.0,47322.0
48415,44063.0,45907.0,49340.0
48417,42685.0,42976.0,48779.0
48419,34490.0,36677.0,37122.0
48421,41518.0,44699.0,46196.0
48423,44249.0,44261.0,46305.0
48425,49582.0,52134.0,52988.0
48427,24497.0,24537.0,23358.0
48429,38002.0,37167.0,40805.0
48431,49064.0,50943.0,51059.0
48433,36687.0,37513.0,39054.0
48435,51386.0,53501.0,60695.0
48437,33786.0,35736.0,37076.0
48439,52482.0,52882.0,56030.0
48441,41558.0,40718.0,43181.0
48443,35683.0,39260.0,37395.0
48445,34495.0,31984.0,34928.0
48447,37273.0,39860.0,41149.0
48449,37818.0,38221.0,39312.0
48451,39004.0,41626.0,43393.0
48453,51905.0,53303.0,57293.0
48455,34045.0,32745.0,33771.0
48457,37914.0,36384.0,39255.0
48459,42508.0,44434.0,43356.0
48461,47407.0,47854.0,49846.0
48463,31941.0,32749.0,32920.0
48465,36647.0,38574.0,39864.0
48467,41476.0,41452.0,42563.0
48469,46566.0,45687.0,49012.0
48471,37160.0,38138.0,38024.0
48473,46313.0,47180.0,47015.0
48475,41625.0,43871.0,46047.0
48477,44245.0,44897.0,45657.0
48479,34878.0,35295.0,35974.0
48481,36097.0,41911.0,40716.0
48483,41228.0,45848.0,47012.0
48485,39299.0,42738.0,43791.0
48487,38913.0,35785.0,37304.0
48489,28307.0,28487.0,29225.0
48491,66152.0,70276.0,71272.0
48493,55992.0,56873.0,61103.0
48495,45237.0,47674.0,48727.0
48497,52117.0,55118.0,53927.0
48499,40149.0,39514.0,45466.0
48501,48953.0,48521.0,55063.0
48503,40490.0,40133.0,43248.0
48505,29915.0,30104.0,33462.0
48507,22948.0,22982.0,25157.0
49001,44077.0,44126.0,46309.0
49003,55534.0,51558.0,53830.0
49005,47367.0,47589.0,47609.0
49007,45244.0,47585.0,47214.0
49009,41248.0,48751.0,50911.0
49011,64840.0,68974.0,69019.0
49013,53196.0,54973.0,57945.0
49015,51205.0,48745.0,51819.0
49017,42668.0,40762.0,41786.0
49019,39726.0,41410.0,42702.0
49021,39980.0,41094.0,41804.0
49023,51917.0,51762.0,51823.0
49025,43939.0,42515.0,43128.0
49027,45810.0,47316.0,48472.0
49029,71484.0,74509.0,75348.0
49031,35233.0,34079.0,36403.0
49033,51902.0,50980.0,53643.0
49035,56664.0,56166.0,58743.0
49037,37259.0,37444.0,38329.0
49039,39999.0,45231.0,43921.0
49041,44830.0,43190.0,45243.0
49043,74535.0,85221.0,84672.0
49045,60541.0,61719.0,61927.0
49047,54090.0,58936.0,60419.0
49049,54385.0,58077.0,58167.0
49051,61593.0,56379.0,62014.0
49053,48247.0,46001.0,45305.0
49055,42456.0,39593.0,40185.0
49057,53612.0,52183.0,54169.0
50001,51967.0,54542.0,55120.0
50003,47161.0,44701.0,48306.0
50005,40219.0,42452.0,42558.0
50007,56016.0,60865.0,62374.0
50009,34947.0,34535.0,35207.0
50011,51296.0,53412.0,53436.0
50013,54907.0,56241.0,54915.0
50015,47994.0,46549.0,49256.0
50017,48008.0,50192.0,49747.0
50019,36515.0,39598.0,40764.0
50021,43600.0,46542.0,45168.0
50023,51334.0,54840.0,56710.0
50025,43045.0,46566.0,49098.0
50027,48804.0,49295.0,50094.0
51001,37312.0,37714.0,36957.0
51003,61845.0,63972.0,70813.0
51005,43110.0,45108.0,44530.0
51007,49057.0,49399.0,49714.0
51009,42063.0,44494.0,43791.0
51011,44479.0,44097.0,43814.0
51013,93231.0,98060.0,99255.0
51015,50534.0,51036.0,49773.0
51017,41266.0,42423.0,44524.0
51019,51656.0,58264.0,56910.0
51021,39975.0,41654.0,42843.0
51023,63528.0,62204.0,60943.0
51025,36806.0,35207.0,34621.0
51027,29712.0,32722.0,32848.0
51029,37568.0,37440.0,34415.0
51031,42158.0,47450.0,41193.0
51033,52779.0,52496.0,54336.0
51035,34796.0,34891.0,32777.0
51036,45916.0,45960.0,47828.0
51037,33899.0,35677.0,32873.0
51041,69190.0,71074.0,70371.0
51043,67962.0,74472.0,67922.0
51045,44882.0,45789.0,38268.0
51047,56897.0,58596.0,59609.0
51049,39394.0,40080.0,36988.0
51051,32955.0,33494.0,35147.0
51053,50535.0,50152.0,51131.0
51057,43125.0,42550.0,42012.0
51059,102726.0,105409.0,106690.0
51061,83176.0,85096.0,82957.0
51063,44188.0,39997.0,42211.0
51065,63869.0,62086.0,63307.0
51067,40931.0,49003.0,43427.0
51069,62173.0,64501.0,64027.0
51071,40773.0,43139.0,44365.0
51073,58893.0,58282.0,57173.0
51075,81938.0,76804.0,81707.0
51077,31930.0,31286.0,32611.0
51079,57592.0,60710.0,59718.0
51081,38702.0,37861.0,36996.0
51083,35879.0,35170.0,36203.0
51085,72319.0,71714.0,74660.0
51087,59128.0,58110.0,58723.0
51089,32669.0,32596.0,34232.0
51091,35793.0,37286.0,37501.0
51093,62224.0,60922.0,64606.0
51095,74241.0,73575.0,78396.0
51097,44277.0,45087.0,45090.0
51099,77200.0,75935.0,75861.0
51101,64205.0,57779.0,62005.0
51103,44296.0,43470.0,47769.0
51105,31116.0,30341.0,30606.0
51107,119075.0,119525.0,118934.0
51109,50101.0,53267.0,54836.0
51111,35260.0,34488.0,33618.0
51113,49389.0,52116.0,51094.0
51115,53418.0,54113.0,57051.0
51117,35196.0,36372.0,37435.0
51119,45686.0,46171.0,48066.0
51121,42827.0,44066.0,42307.0
51125,47368.0,46055.0,47234.0
51127,67979.0,69885.0,68862.0
51131,35308.0,35594.0,32138.0
51133,46320.0,45908.0,47143.0
51135,36975.0,36712.0,36818.0
51137,53837.0,56967.0,58673.0
51139,37970.0,40118.0,41300.0
51141,33678.0,34486.0,33818.0
51143,41031.0,40664.0,42236.0
51145,70025.0,71507.0,73639.0
51147,36100.0,36503.0,37636.0
51149,59346.0,56374.0,62475.0
51153,91290.0,93101.0,93011.0
51155,41184.0,39054.0,42502.0
51157,57499.0,59277.0,58276.0
51159,40596.0,39624.0,41190.0
51161,57720.0,60382.0,58550.0
51163,44502.0,42567.0,46909.0
51165,49158.0,51826.0,51137.0
51167,34460.0,30562.0,35912.0
51169,33797.0,35342.0,36566.0
51171,46016.0,47669.0,48677.0
51173,35437.0,34916.0,36235.0
51175,43232.0,43374.0,43846.0
51177,72463.0,75627.0,77298.0
51179,93185.0,90748.0,95927.0
51181,46112.0,46486.0,50425.0
51183,37019.0,37329.0,36901.0
51185,35485.0,36521.0,34760.0
51187,55758.0,56450.0,58632.0
51191,39690.0,40513.0,43155.0
51193,45291.0,43175.0,45051.0
51195,36789.0,36286.0,35800.0
51197,37624.0,39879.0,38533.0
51199,77070.0,80178.0,75316.0
51510,78023.0,82070.0,80942.0
51515,35664.0,36552.0,36579.0
51520,33149.0,29612.0,31973.0
51530,37629.0,32855.0,36289.0
51540,42686.0,41826.0,41031.0
51550,67674.0,65699.0,64950.0
51570,48883.0,48299.0,51664.0
51580,33962.0,35921.0,36566.0
51590,31153.0,31545.0,30588.0
51595,33255.0,32801.0,32225.0
51600,83413.0,87307.0,86963.0
51610,105124.0,117481.0,121250.0
51620,36454.0,30725.0,36078.0
51630,43460.0,50522.0,47297.0
51640,32061.0,31740.0,33191.0
51650,50923.0,48656.0,47206.0
51660,37179.0,36370.0,35489.0
51670,37226.0,36792.0,39315.0
51678,41298.0,40105.0,40250.0
51680,36397.0,36657.0,37402.0
51683,64274.0,65590.0,65307.0
51685,67948.0,71976.0,68970.0
51690,29887.0,30227.0,29550.0
51700,49228.0,47969.0,46794.0
51710,41015.0,42201.0,41880.0
51720,33662.0,32624.0,33234.0
51730,32435.0,32615.0,33280.0
51735,79229.0,81040.0,84177.0
51740,42740.0,41910.0,41699.0
51750,34009.0,33848.0,37440.0
51760,39214.0,38368.0,37933.0
51770,37486.0,38482.0,37800.0
51775,46636.0,44499.0,47760.0
51790,40855.0,41006.0,40379.0
51800,62419.0,61335.0,61778.0
51810,63354.0,64107.0,61523.0
51820,40256.0,40342.0,43883.0
51830,46285.0,46358.0,44256.0
51840,41008.0,42539.0,42305.0
53001,41099.0,40675.0,43939.0
53003,39340.0,41864.0,42364.0
53005,59409.0,61539.0,58361.0
53007,45561.0,48458.0,45730.0
53009,42111.0,47903.0,43482.0
53011,55144.0,56750.0,56087.0
53013,41244.0,42463.0,41834.0
53015,43031.0,43611.0,47714.0
53017,48113.0,47958.0,48308.0
53019,35721.0,34543.0,36321.0
53021,49873.0,48904.0,52829.0
53023,41482.0,46302.0,46927.0
53025,42514.0,43149.0,45050.0
53027,40281.0,40886.0,41823.0
53029,54714.0,58179.0,56459.0
53031,45600.0,47045.0,47398.0
53033,66147.0,68596.0,68944.0
53035,57107.0,60294.0,59354.0
53037,40376.0,41823.0,43649.0
53039,42510.0,43340.0,46001.0
53041,40109.0,42072.0,42993.0
53043,48746.0,47602.0,46603.0
53045,46062.0,44331.0,48539.0
53047,35682.0,38680.0,38537.0
53049,37832.0,37632.0,37774.0
53051,39035.0,37457.0,40304.0
53053,56446.0,55215.0,57542.0
53055,50836.0,52371.0,51224.0
53057,54600.0,52013.0,52886.0
53059,47804.0,51548.0,53669.0
53061,63391.0,63766.0,67068.0
53063,46881.0,48693.0,47531.0
53065,41147.0,41166.0,39948.0
53067,60672.0,59694.0,58556.0
53069,44740.0,41286.0,49346.0
53071,43119.0,47570.0,45225.0
53073,49999.0,51315.0,51509.0
53075,39251.0,35860.0,32276.0
53077,40503.0,41666.0,43428.0
54001,31634.0,33004.0,32940.0
54003,50923.0,51029.0,52672.0
54005,38126.0,38357.0,39194.0
54007,32606.0,32369.0,33280.0
54009,38197.0,41034.0,40044.0
54011,36274.0,36864.0,36048.0
54013,29084.0,28581.0,32922.0
54015,31232.0,29802.0,32885.0
54017,34444.0,35261.0,34753.0
54019,30856.0,32316.0,33445.0
54021,31558.0,33196.0,32912.0
54023,36487.0,37953.0,38029.0
54025,35456.0,35924.0,36248.0
54027,33991.0,36588.0,34896.0
54029,38501.0,39110.0,37025.0
54031,37002.0,38013.0,38171.0
54033,40441.0,39899.0,41221.0
54035,38600.0,41066.0,39352.0
54037,63156.0,59280.0,62924.0
54039,43110.0,40409.0,45813.0
54041,34734.0,37270.0,37345.0
54043,34119.0,32517.0,34023.0
54045,33202.0,34001.0,33542.0
54047,24133.0,23751.0,25246.0
54049,38856.0,39774.0,40638.0
54051,37206.0,41974.0,42395.0
54053,36279.0,35132.0,36730.0
54055,32366.0,33500.0,34688.0
54057,38629.0,38073.0,38673.0
54059,31915.0,31681.0,32736.0
54061,42247.0,43447.0,41503.0
54063,34637.0,37066.0,36798.0
54065,40636.0,40762.0,41087.0
54067,35945.0,36080.0,38681.0
54069,38997.0,36836.0,37973.0
54071,36733.0,37042.0,36824.0
54073,40416.0,41596.0,42935.0
54075,31289.0,34928.0,30826.0
54077,42529.0,40375.0,40431.0
54079,52942.0,53964.0,55172.0
54081,37915.0,38156.0,40199.0
54083,35176.0,33529.0,36951.0
54085,35170.0,35421.0,36554.0
54087,31362.0,28131.0,30819.0
54089,29261.0,30751.0,29352.0
54091,36846.0,39055.0,39665.0
54093,33915.0,35019.0,35423.0
54095,36122.0,36952.0,37826.0
54097,35893.0,36719.0,44593.0
54099,36360.0,35418.0,37705.0
54101,29083.0,28697.0,27382.0
54103,36390.0,38457.0,37759.0
54105,36037.0,36084.0,36999.0
54107,39456.0,38005.0,42065.0
54109,35872.0,32851.0,32880.0
55001,42347.0,40339.0,42241.0
55003,36651.0,36683.0,39134.0
55005,42805.0,44666.0,42676.0
55007,40155.0,42558.0,44487.0
55009,51330.0,52744.0,51100.0
55011,44088.0,44425.0,48009.0
55013,38774.0,40295.0,37336.0
55015,62173.0,66543.0,69658.0
55017,46479.0,50120.0,49867.0
55019,40136.0,40056.0,43133.0
55021,54304.0,57457.0,55986.0
55023,37649.0,41181.0,41968.0
55025,58958.0,60489.0,60119.0
55027,50996.0,52130.0,51602.0
55029,45990.0,46441.0,48055.0
55031,40930.0,45935.0,43573.0
55033,47442.0,45878.0,47214.0
55035,43901.0,47660.0,47895.0
55037,41928.0,46041.0,44666.0
55039,50327.0,53305.0,53548.0
55041,38735.0,39282.0,39167.0
55043,42256.0,45748.0,46503.0
55045,51019.0,53051.0,55154.0
55047,43571.0,47094.0,46751.0
55049,51738.0,51740.0,52754.0
55051,35532.0,38355.0,39130.0
55053,38812.0,41337.0,43776.0
55055,50963.0,53710.0,54141.0
55057,40228.0,41226.0,44670.0
55059,52028.0,51966.0,54196.0
55061,50099.0,54727.0,55361.0
55063,47271.0,49698.0,48129.0
55065,46595.0,48231.0,46348.0
55067,37762.0,41994.0,44103.0
55069,45092.0,45927.0,48766.0
55071,48059.0,48804.0,49160.0
55073,50192.0,51908.0,52725.0
55075,38099.0,39705.0,43064.0
55077,43976.0,41814.0,43423.0
55078,31509.0,30156.0,33925.0
55079,40582.0,40780.0,42434.0
55081,44941.0,45841.0,45790.0
55083,44421.0,53280.0,52156.0
55085,44038.0,39418.0,44621.0
55087,55556.0,56901.0,58058.0
55089,73471.0,74631.0,76289.0
55091,43912.0,45193.0,48108.0
55093,57111.0,57866.0,60321.0
55095,46871.0,46872.0,50026.0
55097,49652.0,50712.0,46725.0
55099,41116.0,41576.0,41344.0
55101,51712.0,52900.0,52164.0
55103,40685.0,43222.0,43632.0
55105,47128.0,47857.0,46926.0
55107,35757.0,36810.0,37414.0
55109,64990.0,64490.0,69436.0
55111,47531.0,48874.0,52591.0
55113,37858.0,40002.0,40228.0
55115,45139.0,42795.0,44213.0
55117,50397.0,51541.0,52589.0
55119,43942.0,42460.0,43124.0
55121,43425.0,46203.0,48566.0
55123,45059.0,42670.0,43823.0
55125,37154.0,40901.0,39025.0
55127,52823.0,52300.0,51298.0
55129,38474.0,39777.0,41666.0
55131,61955.0,67760.0,66616.0
55133,71176.0,73025.0,72656.0
55135,47121.0,47601.0,51503.0
55137,42590.0,39836.0,42791.0
55139,49166.0,49279.0,51740.0
55141,45226.0,46558.0,46027.0
56001,40430.0,45651.0,39248.0
56003,44137.0,49929.0,46118.0
56005,76441.0,70438.0,80327.0
56007,52935.0,52855.0,53780.0
56009,58599.0,59507.0,63808.0
56011,53961.0,55294.0,53781.0
56013,45998.0,45731.0,47906.0
56015,41226.0,41014.0,42045.0
56017,40126.0,41845.0,42596.0
56019,56475.0,53577.0,51903.0
56021,50278.0,53839.0,53999.0
56023,58175.0,60062.0,60817.0
56025,52101.0,52904.0,54402.0
56027,40683.0,41712.0,43712.0
56029,50058.0,50141.0,51003.0
56031,44288.0,47916.0,45435.0
56033,51926.0,53217.0,50310.0
56035,73855.0,75242.0,68509.0
56037,67508.0,69756.0,64747.0
56039,68358.0,69095.0,66592.0
56041,60532.0,61266.0,61057.0
56043,47831.0,49747.0,49533.0
56045,48653.0,53313.0,53665.0
,,,
